lang	clemma	op	synset	verdict	reason	n_occurrences
ces	Agency	=	08057206-n	BAD	Used as proper name/brand, not generic business	1
ces	Bondy	=	09590377-n	BAD	Different character, not James Bond	1
ces	Captain	=	09892831-n	BAD	Merchant captain, not a naval officer	2
ces	Captain	=	10298912-n	GOOD	Fits merchant ship captain sense	15
ces	Consulado	=	03093427-n	GOOD	Foreign sign text matches consulate building	1
ces	Devil	=	09542339-n	BAD	"Part of place name ""Devil Bay"""	1
ces	Devil	=	09543353-n	BAD	"Part of place name ""Devil Bay"""	1
ces	I	=	77000015-n	GOOD	English pronoun matches directly	2
ces	Jensen	=	11082535-n	BAD	Character name, not the Danish writer	1
ces	Reporters	=	10521662-n	GOOD	Matches profession sense	1
ces	Shark	=	01482330-n	BAD	Person's nickname, not the fish	1
ces	Sinhálcův	=	03118050-a	BAD	Possessive form, not generic ethnic adjective	1
ces	Sinhálcův	=	09732047-n	BAD	POS mismatch, adjective vs noun	1
ces	as	=	00022131-r	GOOD	"English ""as"" matches degree adverb"	2
ces	ať	=	00118363-r	BAD	Purpose adverb, not permissive particle	1
ces	ať	=	00771490-v	GOOD	"Matches causative ""let"""	1
ces	ať	=	00802318-v	GOOD	"Matches permissive ""let"""	1
ces	big	=	00225805-r	BAD	Adverb tag but used adjectivally	1
ces	big	=	01276872-a	GOOD	"Fits ""significant"" in big business"	1
ces	big	=	01382086-a	GOOD	Fits literal large-size sense	1
ces	big business	=	07967129-n	BAD	Used loosely, not institutional big-business sense	1
ces	blok	=	00614224-n	BAD	Physical notepad, not abstract writing activity	1
ces	brodit	=	01913849-v	GOOD	"Matches ""to ford/wade"""	1
ces	by	=	02604760-v	BAD	"Conditional particle, not lexical verb ""be"""	1
ces	damned	=	00669942-a	GOOD	Matches intensifier expletive	3
ces	devadesát	=	02195145-a	GOOD	Numeral adjective usage matches	1
ces	devadesát	=	13750297-n	GOOD	Numeral noun usage matches	1
ces	distances	=	05084201-n	UNSURE	Annotator undecided between two senses	1
ces	distances	=	05129565-n	UNSURE	Annotator undecided between two senses	1
ces	dvacet	=	13748128-n	GOOD	Numeral usage matches	1
ces	fest	=	01059711-a	GOOD	"Matches ""firmly fixed"" sense"	1
ces	fifty-fifty	=	00891170-a	GOOD	Direct match	1
ces	friend	=	10112591-n	GOOD	Direct match	2
ces	furlong	=	13651072-n	GOOD	Direct unit match	2
ces	gallon	=	13619764-n	UNSURE	US vs Imperial gallon unclear in context	1
ces	gallon	=	13622209-n	UNSURE	US vs Imperial gallon unclear in context	1
ces	glad	=	01146920-a	GOOD	"Matches ""feeling happy"""	1
ces	glad	=	01361414-a	GOOD	"Matches ""showing joy"""	1
ces	good	=	01129977-a	BAD	"good friend isn't ""morally admirable"" sense"	1
ces	good	=	02036934-a	GOOD	"Fits idiom ""good as his word"""	1
ces	grádl	=	03309808-n	BAD	Too general; specific ticking fabric intended	1
ces	grádl	=	04432662-n	GOOD	Exact match, ticking fabric	1
ces	halt	=	01860795-v	GOOD	"Matches ""stop"" command"	1
ces	he	=	77000046-n	GOOD	English pronoun matches	1
ces	health	=	13923779-n	GOOD	Toast referencing health concept	1
ces	his	=	77000050-a	GOOD	English possessive matches	1
ces	hýbat	=	00014549-v	GOOD	"Matches ""move/be active"""	1
ces	hýbat	=	00279835-n	BAD	Verb usage mapped to noun synset	1
ces	i	=	00047534-r	GOOD	"Matches ""also/in addition"""	3
ces	is	=	02604760-v	GOOD	"English ""is"" matches ""be"""	1
ces	ja	=	07175241-n	BAD	"Interjection mismatched to abstract ""agreeing"" noun"	1
ces	ja	=	07203900-n	GOOD	"Matches ""an affirmative"""	2
ces	ja	=	80001230-x	GOOD	Matches positive-response word	2
ces	ja	=	80001930-x	GOOD	Dominant sense, well attested	24
ces	jedenáct	=	02187379-a	GOOD	Numeral usage matches	1
ces	její	=	77000043-a	GOOD	"Matches ""her"" possessive"	1
ces	jmenovat	=	01028748-v	GOOD	"jmenovat se matches ""be named"""	2
ces	jmout	=	00345761-v	GOOD	"jal se matches ""begin"""	1
ces	jmout	=	00523095-v	BAD	"Wrong sense, not ""take a measurement"""	1
ces	kampong	=	08673039-n	GOOD	Direct match	1
ces	know	=	00594337-v	BAD	I know here is awareness, not acquaintance	1
ces	know	=	00595630-v	GOOD	"Matches ""be aware of truth"""	1
ces	krupař	=	10577284-n	GOOD	Traditional shopkeeper fits seller/vendor	2
ces	lad	=	10285938-n	GOOD	Matches address term for young male	1
ces	lie	=	06756831-n	GOOD	Direct match	1
ces	long	=	01433493-a	GOOD	"Matches spatial sense in ""Long Distances"""	1
ces	lot	=	13774404-n	GOOD	"Matches quantifier ""a lot"""	1
ces	lots	=	13777509-n	GOOD	"Matches quantifier ""lots"""	2
ces	meet	=	02596113-v	GOOD	"Matches ""get to know"""	1
ces	mine	=	77000107-n	GOOD	English possessive pronoun matches	2
ces	money	=	13384877-n	GOOD	Matches currency/money sense	2
ces	mít	=	00631737-v	GOOD	"Modal ""supposedly"" matches supposition sense"	1
ces	newspapers	=	08062970-n	GOOD	Matches newspaper industry sense	1
ces	náprsní	=	05553288-n	BAD	Adjective mapped to noun body-part synset	1
ces	o	=	00007015-r	BAD	"Conflates topic-""about"" with quantity-""approximately"""	1
ces	osmdesát	=	13750164-n	GOOD	Numeral usage matches	1
ces	oční	=	05311054-n	BAD	Adjective mapped to noun body-part synset	1
ces	pingvín	=	02055803-n	GOOD	Direct simile match	1
ces	please	=	80001998-x	GOOD	Direct match	1
ces	remember	=	00611802-v	GOOD	Direct match	1
ces	salamanders	=	01629276-n	GOOD	Direct animal reference	1
ces	secret	=	06672953-n	GOOD	Direct match	2
ces	sedm	=	02186970-a	GOOD	Numeral usage matches	1
ces	see	=	00591115-v	GOOD	"Discourse tag matches ""understand"""	2
ces	see	=	00598954-v	BAD	"Mismatched, not ""find out accidentally"""	1
ces	see	=	80001930-x	BAD	Discourse tag isn't agreement marker	1
ces	sharks	=	01482330-n	GOOD	Literal animal reference	1
ces	shells	=	01316813-v	BAD	Noun usage mapped to verb synset	1
ces	ship-owner	=	10590239-n	GOOD	Direct match	1
ces	sir	=	06341340-n	BAD	"Vocative ""sir"" differs from title ""Mister"""	1
ces	sir	=	10601451-n	GOOD	Exact lemma match	3
ces	sir	=	80002253-n	GOOD	Fits social-superior address context	1
ces	sorry	=	01150475-a	GOOD	Matches regret sense	1
ces	sorry	=	80000667-x	GOOD	Matches interjection phrase	1
ces	story	=	06369829-n	BAD	Not fiction; real-event narrative	1
ces	story	=	07221094-n	GOOD	Matches narrative-of-events sense	1
ces	tuan	=	10601451-n	GOOD	"Malay honorific matches ""sir"""	2
ces	třicet	=	02189306-a	GOOD	Numeral usage matches	1
ces	třást	=	00014201-v	GOOD	"Matches ""shiver/shudder"""	1
ces	v	=	01295143-a	BAD	"Locative preposition, not ""fashionable"" sense"	3
ces	v	=	01770252-v	BAD	"Preposition unrelated to ""impress"" verb"	1
ces	v	=	80000823-r	BAD	"Not temporal ""when"" usage here"	1
ces	very	=	00031899-r	GOOD	Direct match	2
ces	via	=	00043794-r	UNSURE	Route vs source sense unclear	1
ces	via	=	01003536-a	BAD	"Confuses ""via"" with ""through/done"" completion"	1
ces	what	=	76000000-x	GOOD	Matches surprise interjection	1
ces	word	=	06738162-n	BAD	"Idiom means ""promise,"" not generic statement"	1
ces	worth	=	02500884-a	GOOD	"Matches ""valuable"""	1
ces	yah	=	80001930-x	GOOD	"Variant of ""yeah"" matches"	1
ces	you	=	77000021-n	GOOD	English pronoun matches	1
ces	your	=	77000024-a	GOOD	English possessive matches	1
ces	z	=	00043794-r	GOOD	"z matches ""from"" source sense"	1
ces	čtvrthodinný	=	15234942-n	BAD	Adjective mapped to noun time-unit synset	1
ces	čtyřicet	=	13749527-n	GOOD	Numeral usage matches	1
ces	šedesát	=	02192184-a	GOOD	Numeral usage matches	1
ces	šestnáct	=	02187903-a	GOOD	Numeral adjective usage	1
ces	šestnáct	=	13747606-n	GOOD	Numeral noun usage	1
ces	šestý	=	02202854-a	GOOD	Ordinal usage matches	2
ces	šicí	=	04179385-n	BAD	Adjective mapped to noun synset	1
ces	ščór	=	01770393-n	GOOD	Dialectal spelling of scorpion	2
cmn	Carl ’ s Junior	=	80000144-n	GOOD	exact NE name match	2
cmn	Cuisine	=	07571324-n	BAD	part of proper name, not generic cuisine	3
cmn	Doubt	=	07459066-n	BAD	"fragment of band name ""No Doubt"", unrelated sense"	1
cmn	Entertainment	=	04202417-n	BAD	not visible in text, wrong sense for shop	1
cmn	Fountain	=	04202417-n	BAD	"part of zone name ""Fountain Terrace"", not shop"	1
cmn	Galleria	=	04202417-n	BAD	proper zone name, not generic shop	1
cmn	Hanabi	=	03348454-n	BAD	restaurant proper noun, not literal firework	1
cmn	Hari	=	15157225-n	BAD	"fragment of MWE ""Hari Raya Haji"", not standalone day"	1
cmn	Hijrah	=	11184092-n	BAD	Hijrah is an event, not the person Mohammed	1
cmn	Hijrah	~	00311687-n	BAD	migration, not journey to sacred place	1
cmn	Katong	=	80000635-n	GOOD	exact place-name match	2
cmn	Katong	=	90000048-n	BAD	"fragment of ""Katong Antique House"""	1
cmn	Kitchen	=	03619890-n	BAD	part of restaurant proper names, not literal kitchen	2
cmn	Lai	=	01409581-a	GOOD	"Singlish ""lai dat"" = like that, per annotator"	1
cmn	Little	=	08997487-n	BAD	adjective fragment of nickname, not Singapore itself	1
cmn	Little	=	80000640-a	GOOD	"matches ""little/small"" custom synset"	1
cmn	Little	=	90000140-n	BAD	"fragment of store name ""John Little"""	3
cmn	Little	=	90000226-n	BAD	"fragment of ""Little India"" place name"	4
cmn	Miss	=	10129825-n	BAD	"part of brand names ""Miss Selfridge/Sixty"""	2
cmn	No	=	90000075-n	BAD	"fragment of restaurant name ""No Signboard Seafood"""	2
cmn	Orchard	=	90000228-n	BAD	"from ""Orchard Central"" mall, not Orchard Road itself"	6
cmn	Rice	=	07804323-n	BAD	fragment of restaurant proper name	1
cmn	Terrace	=	04202417-n	BAD	"part of zone name ""Fountain Terrace"", not shop"	1
cmn	Tiong	=	80000152-n	BAD	fragment of restaurant/place name	1
cmn	Tropics	=	04202417-n	BAD	proper zone name, not generic shop	1
cmn	[	=	06842290-n	GOOD	literal bracket punctuation	40
cmn	batik	=	00288814-v	BAD	nominal usage tagged to verb synset	1
cmn	big	=	00225892-r	BAD	English word, wrong POS, not Chinese lemma	1
cmn	market	=	03461385-n	BAD	English gloss word, wrong language for cmn lemma	1
cmn	sayur lodeh	=	80002007-n	GOOD	matches own-language lemma exactly	1
cmn	teh	<	07933274-n	GOOD	teh tarik is a lexicalised hyponym of tea	2
cmn	teh	~	01243298-v	BAD	"clemma ""teh"" mismatched with ""pull"" sense (tarik)"	2
cmn	up	=	00018813-v	BAD	"fragment of English ""wake up"" quote, not cmn word"	1
cmn	wet	=	14535431-n	BAD	English gloss adjective tagged to noun synset	1
cmn	〔	=	06842290-n	GOOD	literal bracket punctuation	4
cmn	一	=	02202047-a	GOOD	"ordinal ""first"" sense plausible"	1
cmn	一	=	07308889-n	BAD	"一 means one, not ""instance/occurrence"""	1
cmn	一 个	=	02064427-a	BAD	"indefinite article ""a"", not ""identical/same"""	1
cmn	一 个 面包	=	02186338-a	BAD	compositional phrase, needs splitting per note	2
cmn	一 个 面包	=	07679356-n	BAD	compositional phrase, needs splitting per note	2
cmn	一 份	=	07578363-n	GOOD	"matches ""a serving/portion"" sense"	1
cmn	一 场	=	02186338-a	BAD	compositional, annotator says tag separately	12
cmn	一 景	=	07360841-n	BAD	compositional, annotator says separate into parts	1
cmn	一 景	=	13742573-n	BAD	compositional, annotator says separate into parts	1
cmn	一 队	=	02036755-v	BAD	wrong word extracted, real target is 排队	1
cmn	一下	=	00181342-r	BAD	"means ""a bit/briefly"", not ""once/as soon as"""	1
cmn	一举	=	00165942-n	GOOD	"in one move/stroke fits ""move"" sense"	1
cmn	一举	=	05637965-n	BAD	in one stroke does not mean ability	1
cmn	一九二五年	=	15204297-n	BAD	"specific year tagged as generic ""year"" synonym"	1
cmn	一九八三年	=	15204297-n	BAD	"specific year tagged as generic ""year"" synonym"	1
cmn	一九八二年	=	15204297-n	BAD	"specific year tagged as generic ""year"" synonym"	1
cmn	一八八九年	=	15204297-n	BAD	"specific year tagged as generic ""year"" synonym"	1
cmn	一向	=	00019339-r	GOOD	"matches ""always/at all times"""	1
cmn	一场	=	02186338-a	BAD	compositional, annotator says tag separately	1
cmn	一方	=	02186338-a	BAD	explicit tokenisation error per annotator	1
cmn	一方	=	08642037-n	BAD	explicit tokenisation error per annotator	1
cmn	一日	<	15157225-n	GOOD	1st-of-month as hyponym of day, consistent scheme	7
cmn	一时	=	00088303-r	GOOD	"matches ""temporarily"""	1
cmn	一时	=	00092814-r	BAD	extended duration, not momentary instant	1
cmn	一来	=	00036762-r	BAD	"fragment of ""如此一来"", not standalone"	1
cmn	一而再	=	01755024-a	BAD	"means ""repeatedly"", not ""perpetual/eternal"""	1
cmn	一行	=	00582388-n	GOOD	一行 = a line of work/profession	1
cmn	一行	=	02070188-a	BAD	another meaning carried by 另外, not 一行	1
cmn	一行	=	08433447-n	GOOD	"matches ""a row"" of items"	6
cmn	七日	<	15157225-n	GOOD	7th-of-month as hyponym of day, consistent scheme	1
cmn	七连冠	=	08460847-n	BAD	specific 7-streak tagged as generic winning-streak synonym	1
cmn	万无一失	=	00631391-a	BAD	"means ""infallible/foolproof"", not just ""correct"""	1
cmn	万能主义	=	08364143-n	BAD	"market fundamentalism narrower than ""capitalism"""	1
cmn	万黛兰	=	80001397-n	BAD	missing cultivar prefix 卓锦, too generic	1
cmn	三十一日	<	15157225-n	GOOD	31st-of-month as hyponym of day	27
cmn	三十一日	<	15159583-n	GOOD	"matches ""date/day of month"" well"	1
cmn	三十日	<	15157225-n	GOOD	30th-of-month as hyponym of day	5
cmn	三十日	<	15159583-n	GOOD	"matches ""date/day of month"" well"	1
cmn	三十日	=	15157225-n	BAD	specific day tagged as generic day synonym, wrong op	1
cmn	三点	<	00197182-r	GOOD	three o'clock hyponym of o'clock	1
cmn	上	=	00080169-r	GOOD	"directional complement meaning ""up"""	2
cmn	上	=	01849221-v	BAD	"上 alone doesn't mean ""come"""	1
cmn	上	=	02484208-a	BAD	comment refers to different character 升, mismatch	1
cmn	上	=	02484638-a	BAD	comment refers to different character 升, mismatch	1
cmn	上	=	06325145-n	BAD	"content word tagged to abstract ""preposition"" synset"	1
cmn	上	=	09436708-n	BAD	fragment of 天上, not 上 alone	1
cmn	上	=	80000825-v	BAD	comment indicates 去 not 上 is the match	2
cmn	上去	=	00080169-r	GOOD	"directional complement meaning ""upward"""	1
cmn	上去	=	80000825-v	GOOD	"carries ""go"" motion component"	1
cmn	上层	=	10676018-n	BAD	fragment of MWE 上层人物	1
cmn	不	=	02021532-v	BAD	explicit tokenisation error per annotator	1
cmn	不仅仅	=	00004722-r	BAD	"polarity mismatch: ""not only"" vs ""merely"""	1
cmn	不仅仅	=	00008600-r	BAD	"polarity mismatch: ""not only"" vs ""exclusively"""	1
cmn	不光	=	00004722-r	BAD	needs NEG decomposition per annotator	1
cmn	不加	=	00024073-r	BAD	"whole phrase loses ""add"" component"	3
cmn	不加	=	00182406-v	BAD	"polarity mismatch, ""not add"" vs ""add"""	3
cmn	不尽	=	00008007-r	BAD	"polarity mismatch, ""not entirely"" vs ""wholly"""	1
cmn	不尽	=	00024073-r	BAD	needs separate tokenisation per annotator	1
cmn	不得了	=	01050088-a	GOOD	"idiom matches ""terrible/disastrous"" sense"	1
cmn	不至于	=	00098959-r	BAD	needs NEG decomposition per annotator	6
cmn	不见得	=	00024073-r	BAD	"needs splitting, loses ""definitely"" component"	2
cmn	不见得	=	00144722-r	BAD	"polarity mismatch, ""not necessarily"" vs ""certainly"""	2
cmn	世	=	70100049-a	BAD	fragment of MWE 风靡一世	1
cmn	世界 保健 机构	=	08302724-n	GOOD	full compound correctly names WHO	1
cmn	业绩	=	00035189-n	GOOD	"matches ""accomplishment/achievement"""	1
cmn	东	=	08002717-n	BAD	fragment of MWE 东印度公司	1
cmn	中	=	00062650-r	BAD	fragment of MWE 无意中	1
cmn	中	=	05945642-n	BAD	"locative ""within"" does not mean ""opinion"""	1
cmn	中	~	05125377-n	GOOD	"locative ""within"" loosely relates to scope/range"	1
cmn	中举	=	00816324-a	BAD	explicit tokenisation error per annotator	1
cmn	中举	=	01716112-v	BAD	tokenization error; 举 part of 举办 MWE	1
cmn	中元	=	80001530-n	GOOD	中元 is common shorthand for Ghost Festival	1
cmn	中国籍	=	09698108-n	BAD	means Chinese nationality, not a Chinese person	2
cmn	中立国	~	10355142-n	GOOD	neutral country is lexicalised, right neighbourhood	2
cmn	中转站	=	01109467-n	BAD	tokenization error, comment says split 中转/站	2
cmn	中转站	=	04306080-n	BAD	whole word not synonym, comment says split	2
cmn	中间	=	15225668-n	BAD	"中间 alone is just ""middle"", not midterm"	4
cmn	丹尼斯・康纳队	=	00031264-n	BAD	proper name should separate PER + group	2
cmn	为 人	=	02555434-v	BAD	"annotator notes ""Not 为人"", tokenization error"	1
cmn	为 人	=	02735897-v	BAD	"annotator notes ""Not 为人"", tokenization error"	1
cmn	主旋律	=	01277426-a	BAD	wrong POS, whole noun tagged as adjective	1
cmn	主旋律	=	07086518-n	BAD	compositional, comment says split 主+旋律	1
cmn	主驱动	=	01277426-a	BAD	wrong POS, compositional, comment says split	1
cmn	主驱动	=	03243218-n	BAD	"compositional master-drive, not plain ""drive"""	1
cmn	举出	=	01015866-v	GOOD	"举出 fits ""cite, adduce evidence"""	1
cmn	举出	=	01023574-v	GOOD	"举出 fits ""cite, quote for illustration"""	1
cmn	之下	=	00486384-r	GOOD	"之下 matches ""under, subordination"" sense"	1
cmn	之刑	=	01160342-n	BAD	tokenization error, real lemma is 刑 alone	1
cmn	乌	=	80000289-n	BAD	truncated word, actual term is 乌打	1
cmn	九一年	=	15203791-n	BAD	"specific year, not generic ""year"" synonym"	2
cmn	九五年	<	15203791-n	GOOD	specific year 1995 as hyponym of year	1
cmn	九连冠	~	08460847-n	GOOD	nine-peat lexicalised, related to winning streak	1
cmn	也	=	00031515-r	BAD	"也 alone doesn't mean ""no longer"""	1
cmn	了	=	00031798-r	BAD	"了 is aspect particle, not ""already"""	2
cmn	事	~	80001162-v	BAD	"MWE 费事 mistagged, 事 alone isn't ""effort"""	1
cmn	事务	=	00584367-n	GOOD	"事务 fits ""work; employment"" sense"	2
cmn	事务级	=	02991463-a	BAD	compositional, comment says split 事务/级	1
cmn	事务级	=	14428160-n	BAD	compositional, comment says split 事务/级	1
cmn	二十 年	=	13748128-n	GOOD	"二十 component correctly matches ""twenty"""	1
cmn	二十 年	=	15203791-n	GOOD	"年 component correctly matches ""year"""	1
cmn	二十七日	=	15155220-n	BAD	specific date, not generic 24-hour period	1
cmn	二十三日	<	15157225-n	BAD	wrong sense, is a date not observance day	1
cmn	二十八日	<	15157225-n	BAD	wrong sense, is a date not observance day	2
cmn	二十八日	<	15159583-n	GOOD	"specific date, correct hyponym of ""date"""	1
cmn	二十六日	<	15157225-n	BAD	wrong sense, is a date not observance day	2
cmn	五日	<	15157225-n	BAD	date reference, wrong sense (observance day)	1
cmn	亚三虾	=	07794159-n	BAD	"compositional dish name, not plain ""shrimp"""	1
cmn	亚三虾	=	80002012-n	BAD	"compositional dish name, not plain ""assam"""	1
cmn	些	=	01552885-a	GOOD	"些 fits quantifier ""few, some"""	1
cmn	交响	=	08248856-n	BAD	truncated, actual word is 交响乐团	3
cmn	交锋	=	01078783-v	GOOD	"交锋 fits ""confront, oppose"""	1
cmn	交锋	=	01092366-v	GOOD	"交锋 fits ""battle, combat"""	1
cmn	享	=	02295550-v	BAD	truncated, actual word is 共享	4
cmn	人	=	09620794-n	BAD	"generic ""person"", not ""native/indigenous"""	1
cmn	他	=	04833276-n	BAD	truncated, actual word is 利他	1
cmn	付诸于党	=	01640855-v	BAD	compositional phrase with 于党 object	1
cmn	付诸于党	=	08256968-n	BAD	compositional phrase, not synonym for party	1
cmn	付诸实施	=	01640855-v	GOOD	"fixed phrase matches ""carry out, execute"""	1
cmn	付诸实施	=	02560164-v	GOOD	"fixed phrase matches ""implement, enforce"""	1
cmn	以往	=	00118965-r	GOOD	"以往 fits ""formerly, at previous time"""	1
cmn	件事	=	05671325-n	GOOD	"件事 fits ""thing, matter, affair"""	1
cmn	件数	=	08462320-n	BAD	"means item count, not ""information/data"""	1
cmn	会员们	=	10307234-n	GOOD	plural of member, 们 is grammatical marker	1
cmn	位置 上	=	00027167-n	GOOD	"位置 core meaning matches ""location"""	1
cmn	体力	=	05035353-n	GOOD	"体力 fits ""physical strength/force"""	1
cmn	佛	=	80002057-n	BAD	truncated, actual word is 佛头	1
cmn	你瞧	=	00591115-v	BAD	tokenization error, includes extraneous 你	1
cmn	佳品	=	01123148-a	BAD	wrong POS, noun tagged as adjective	2
cmn	佳品	=	03748886-n	BAD	"compositional, drops ""佳"" qualifier"	2
cmn	佳处	=	00027167-n	BAD	compositional, comment flags tokenization	2
cmn	佳处	=	00188137-r	BAD	wrong POS, noun tagged as adverb	2
cmn	佳酿	=	01586752-a	BAD	wrong POS, noun tagged as adjective	2
cmn	佳酿	=	07891726-n	BAD	compositional, comment flags tokenization	2
cmn	供	=	00183053-a	BAD	sense from 可供, not 供 alone	1
cmn	供	=	02327200-v	GOOD	"供 fits ""provide, supply"""	1
cmn	保健	=	08302724-n	BAD	truncated, actual term is 世界保健机构	1
cmn	候车	=	00720063-v	BAD	compositional, comment flags tokenization	1
cmn	候车	=	04468005-n	BAD	wrong POS/sense, verb phrase tagged as train	1
cmn	值得一提	=	02646378-v	BAD	"compositional, broader than ""deserve"" alone"	3
cmn	值得一提	=	06766190-n	BAD	wrong POS, verb phrase tagged as noun	3
cmn	假使	=	00164751-r	GOOD	"假使 fits ""if, in case"" conditional sense"	1
cmn	偏	=	00688261-v	BAD	wrong POS, part of MWE 偏靠, means biased	1
cmn	做好	=	01806109-v	BAD	"needs 准备 to mean ""prepare"", incomplete MWE"	1
cmn	充分考虑	=	00010466-r	BAD	wrong POS, verb phrase tagged as adverb	1
cmn	充分考虑	=	02166460-v	BAD	compositional, comment flags split	1
cmn	先驱	~	10434725-n	BAD	referent is party name 先驱党, not generic pioneer	1
cmn	克拉克	=	90000213-n	BAD	truncated, actual place is 克拉克码头	1
cmn	入	~	02460483-v	BAD	truncated, part of MWE 入驻	6
cmn	入	~	07370125-n	BAD	wrong POS, truncated, part of MWE 入驻	10
cmn	全家	=	00514884-a	BAD	wrong POS, noun phrase tagged as adjective	2
cmn	全家	=	08078020-n	BAD	"compositional, drops ""全"" qualifier"	2
cmn	全神贯注地	=	04865722-n	GOOD	"core idiom matches ""intentness"", 地 is suffix"	1
cmn	关窗	=	01345109-v	BAD	"compositional VO phrase, not bare ""close"""	1
cmn	关窗	=	04587648-n	BAD	wrong POS, verb phrase tagged as noun	1
cmn	兴起	=	07324917-n	BAD	wrong POS, used verbally, tagged as noun	1
cmn	具	=	02630871-v	GOOD	具 formally means possess/have	1
cmn	农民们	=	10078806-n	GOOD	plural of farmer, 们 is grammatical marker	3
cmn	冰	=	80000468-n	BAD	truncated, actual dish is 红豆冰	4
cmn	冻结	=	02559752-v	GOOD	"冻结 fits ""halt, block, stop"" figuratively"	1
cmn	减至	=	00151689-v	GOOD	"减 core meaning matches ""decrease"""	1
cmn	出	~	01752884-v	GOOD	resultative complement sense of 出, legitimate	107
cmn	出	~	02019574-v	GOOD	"出 in 不出所料 fits ""overstep, exceed"""	2
cmn	出来	=	00935141-v	GOOD	"出来 fits ""come out, be made known"""	1
cmn	出生	=	15276427-n	BAD	"means birth count, not ""birthrate"" ratio"	5
cmn	刀叉	=	03153375-n	GOOD	刀叉 is standalone word for cutlery	1
cmn	分化	=	02431320-v	GOOD	"分化 fits ""split, break up (relation)"""	1
cmn	分得	=	02718309-v	BAD	"means receive a portion, not ""share jointly"""	1
cmn	创	=	05833840-n	BAD	truncated, actual word is 创想	1
cmn	判明	=	00918872-v	GOOD	"判明 fits ""ascertain, determine"""	2
cmn	利	=	04833276-n	BAD	truncated, actual word is 利他	1
cmn	到´	=	02169702-v	BAD	tokenization error, real word is 听到	1
cmn	到此	=	02020590-v	GOOD	"到此 fits ""arrive at, reach destination"""	1
cmn	到此	=	77000075-n	BAD	wrong POS/sense, verb phrase tagged as pronoun	1
cmn	前	=	01935233-v	BAD	truncated, part of MWE 前去/前往	4
cmn	副秘书长	=	00793250-a	BAD	wrong POS, noun title tagged as adjective	1
cmn	副秘书长	=	10573829-n	BAD	"deputy rank, not plain ""Secretary General"""	1
cmn	办公	=	03841666-n	BAD	truncated verb sense, actual noun is 办公场所	1
cmn	加上	=	00182406-v	GOOD	"加上 fits ""add, make an addition"""	4
cmn	加在	=	02745172-v	GOOD	"core 加 matches ""add"", 在 is locative particle"	1
cmn	北上	=	00244043-r	GOOD	"lexicalised directional term ""go north"""	2
cmn	医师们	=	10020890-n	GOOD	plural of doctor, 们 is grammatical marker	1
cmn	十一日	<	15157225-n	BAD	date reference, wrong sense (observance day)	1
cmn	十一点	<	00197182-r	GOOD	"specific time as hyponym of ""o'clock"""	1
cmn	十一点	=	00197182-r	BAD	specific hour, not synonym of generic o'clock	2
cmn	十三日	<	15157225-n	BAD	date reference, wrong sense (observance day)	1
cmn	十四日	<	15157225-n	BAD	date reference, wrong sense (observance day)	2
cmn	十日	<	15157225-n	BAD	date reference, wrong sense (observance day)	2
cmn	华里	=	80000170-n	BAD	truncated, actual name is 斯里华里山舞团	4
cmn	协议	=	07148192-n	BAD	means agreement (result), not negotiation	1
cmn	卓识	=	80001857-n	BAD	part of idiom 远见卓识, comment flags truncation	1
cmn	卓锦	=	80001397-n	BAD	truncated, actual name is 卓锦万代兰	1
cmn	单	=	80000706-n	BAD	truncated, actual term is 单马车	3
cmn	卖给	=	02727883-v	GOOD	"卖给 fits ""sell"", 给 is directional complement"	1
cmn	南	=	12356960-n	BAD	truncated, actual term is 南姜 (galangal)	1
cmn	占	=	02649493-v	GOOD	"占 fits ""take up, account for (share)"""	2
cmn	卡	=	09526703-n	BAD	truncated, actual term is 卡里女神	1
cmn	卡保	=	80001305-n	BAD	truncated, actual term is 米南卡保	1
cmn	卡瓦	=	80000452-n	BAD	truncated, actual term is 卡瓦第	1
cmn	印象深刻	=	00692762-a	BAD	compositional, comment flags tokenization error	2
cmn	印象深刻	=	05916739-n	BAD	wrong POS, adjective phrase tagged as noun	2
cmn	即	=	00524607-a	BAD	truncated, part of pattern 即不是...也不是	1
cmn	卷土重来	=	00051077-n	GOOD	"idiom directly matches ""comeback"""	1
cmn	历届	=	80001861-a	GOOD	"历届 fits ""successive, previous iterations"""	1
cmn	历经	=	02110220-v	GOOD	"历经 fits ""go through, experience"""	1
cmn	压迫	=	10379758-n	BAD	truncated, actual word is 压迫者 (agent noun)	1
cmn	原委	=	13791389-n	GOOD	"原委 fits causal ""connection"" between events"	1
cmn	厨	=	09963574-n	BAD	truncated, actual word is 大厨	7
cmn	厨	=	80000687-n	BAD	truncated, actual word is 厨艺	2
cmn	厨	=	90000126-n	BAD	truncated, actual name is 翡翠小厨	3
cmn	参赛者们	=	10439851-n	GOOD	plural of participant, 们 is grammatical marker	1
cmn	参赛队	=	08208560-n	GOOD	"参赛队 fits ""team, squad"" directly"	3
cmn	及	=	02021532-v	BAD	tokenization error, real phrase is 来不及	1
cmn	反发布	=	00967625-v	BAD	"反 negates meaning, opposite of ""publish"""	1
cmn	反发布	=	01817405-a	BAD	compositional, drops object 发布	1
cmn	反日	=	01817405-a	BAD	"compositional anti-Japanese, not plain ""anti"""	2
cmn	反日	=	02965043-a	BAD	"compositional anti-Japanese, not plain ""Japanese"""	2
cmn	另定	=	01647543-v	GOOD	"定 core matches ""fix, set"", 另 is modifier"	1
cmn	另定	=	02070188-a	BAD	wrong POS, verb phrase tagged as adjective	1
cmn	可	=	00001740-a	GOOD	"可 as modal fits ""able, can"""	132
cmn	可	=	00043003-r	BAD	truncated, real phrase is 由此可见	1
cmn	可	=	00294459-r	BAD	truncated, real phrase involves 可见	1
cmn	可	=	80000754-r	BAD	truncated, part of discontinuous 非...不可	1
cmn	可	~	00031899-r	GOOD	"可 as emphatic intensifier fits ""really, very"""	1
cmn	可不是	=	00024356-r	BAD	compositional, comment splits into two morphemes	1
cmn	可不是	=	00027384-r	BAD	compositional, comment splits into two morphemes	1
cmn	司令	=	04202417-n	BAD	"新加坡司令 is a cocktail, unrelated to ""shop"""	1
cmn	司马辽太郎式	=	04928903-n	BAD	compositional proper-name + style suffix	1
cmn	吃	=	07510348-n	BAD	truncated MWE, real word is 吃惊	1
cmn	各行各业	=	00239908-r	BAD	"idiom mismapped to generic ""each"" adverb"	3
cmn	各行各业	=	00609953-n	BAD	idiom is plural/distributive, not singular profession	3
cmn	各行各业	=	08065234-n	BAD	idiom is plural/distributive, not singular industry	3
cmn	同	=	00507927-r	GOOD	"同 fits ""together, with"" as coverb"	1
cmn	名菜	=	01375831-a	BAD	wrong POS, noun compound tagged as adjective	2
cmn	名菜	=	07557434-n	BAD	"compositional, drops ""名"" (famous) qualifier"	2
cmn	听	=	02542795-v	BAD	truncated, actual word is 听从	1
cmn	命	=	11473291-n	GOOD	"命 fits ""life"" in given contexts"	2
cmn	命脉	=	05694527-n	GOOD	"命脉 fits metaphorical ""lifeline"""	1
cmn	和面	=	00872107-n	BAD	tokenization error joining unrelated tokens	4
cmn	和面	=	07679356-n	BAD	tokenization error joining unrelated tokens	2
cmn	和面	=	07699584-n	BAD	tokenization error joining unrelated tokens	1
cmn	和面	=	80000616-n	BAD	tokenization error joining unrelated tokens	1
cmn	哪个	=	77000091-a	UNSURE	context shows indefinite use, not interrogative	1
cmn	商务	=	80000639-n	BAD	"generic ""business"", not specific business class"	2
cmn	喝干	=	00451648-v	GOOD	"喝干 fits ""drain, empty of liquid"""	2
cmn	四	=	02072159-v	BAD	truncated, actual word is 四溢	4
cmn	四九年	=	15204297-n	BAD	wrong sense, is calendar year not fiscal/school year	1
cmn	四大	=	00579622-a	BAD	compositional, comment says split 四/大	2
cmn	四大	=	13744304-n	BAD	compositional, comment says split 四/大	2
cmn	四日	<	15157225-n	BAD	date reference, wrong sense (observance day)	4
cmn	回头	=	02096167-v	GOOD	"回头 fits ""turn (around axis)"""	1
cmn	回头	=	05538625-n	BAD	wrong POS, verb tagged as body-part noun	1
cmn	国	=	08723006-n	BAD	"truncated, generic ""country"" not specifically China"	2
cmn	国营化	=	01151788-n	GOOD	"国营化 fits ""nationalization"" directly"	2
cmn	在	=	13954253-n	BAD	"在 is preposition/aspect marker, not ""existence"""	1
cmn	在 上	=	06325145-n	GOOD	在...上 functions as preposition frame	1
cmn	在 中间	=	15225668-n	BAD	"中间 alone isn't specifically ""midterm"""	1
cmn	在 进行	=	00348746-v	BAD	"进行 means ""carry out"", not ""begin"""	1
cmn	在地	=	03365592-n	GOOD	"地 core matches ""floor/ground"", 在 is preposition"	1
cmn	在野	=	08404188-n	BAD	truncated, actual term is 在野党	5
cmn	地	=	11473954-n	BAD	"地 unrelated to ""light"", likely confusion with 光"	1
cmn	地区	=	08551177-n	BAD	truncated, missing 受灾 disaster qualifier	2
cmn	地响	=	01452593-a	BAD	tokenization error, nonsense combined token	1
cmn	地响	=	02180898-v	BAD	tokenization error, nonsense combined token	1
cmn	地响	=	03222516-n	BAD	tokenization error, nonsense combined token	1
cmn	地方	=	00405540-v	BAD	wrong POS, noun tagged as verb, truncated	4
cmn	场	=	00908621-v	BAD	truncated MWE, real word is 捧场	1
cmn	场内	=	08588294-n	BAD	tokenization error, boundary should be 处理场|内	1
cmn	坏	=	00079629-a	BAD	"truncated MWE 吓坏了, alone means ""bad/broken"""	1
cmn	坏 了	=	00079629-a	BAD	"still missing 吓, alone means ""broken"""	1
cmn	坐坐	=	01543123-v	GOOD	"坐坐 fits ""sit, be seated"""	1
cmn	坐进	=	01984902-v	GOOD	"坐 core matches ""take a seat"", 进 is directional"	1
cmn	坐进	=	02016523-v	BAD	compositional 坐+进, comment confirms split	1
cmn	城	<	03965456-n	BAD	part of place name, not generic mall	1
cmn	基本法	=	06533648-n	GOOD	matches constitution/fundamental law	1
cmn	基轴	=	02764614-n	GOOD	matches axis of rotation	1
cmn	增员	=	00153263-v	BAD	compositional verb-object, already split-tagged	2
cmn	增员	=	08439955-n	BAD	wrong POS/compositional, already split-tagged	2
cmn	增多	=	00156601-v	GOOD	genuine synonym for increase	1
cmn	士乃	=	90000131-n	BAD	tokenization error, part of 芽笼士乃	4
cmn	夕	=	80001885-n	BAD	means evening, not short time	1
cmn	多多	=	01551633-a	BAD	reduplicated, comment says only 多 fits	1
cmn	大型犬	=	01382086-a	BAD	noun not adjective, compositional	1
cmn	大型犬	=	02084071-n	BAD	hyponym not synonym, compositional	1
cmn	大宗	=	01389451-a	BAD	compositional, partial match only	1
cmn	大宗	=	80001890-n	BAD	compositional, 大 modifier not classifier	1
cmn	大富豪们	=	10529555-n	BAD	plural suffix compositional, annotator splits	1
cmn	大把	=	01382086-a	BAD	tokenization error, annotator confirms	1
cmn	大梁	=	01239054-v	BAD	MWE component; alone means beam	1
cmn	太重	=	00415963-r	BAD	compositional adv+adj, split recommended	1
cmn	太重	=	01184932-a	BAD	compositional, includes intensifier 太	1
cmn	头上	=	05538625-n	BAD	compositional locative phrase	1
cmn	头上	=	08663860-n	BAD	compositional locative phrase	1
cmn	奔向	=	01848718-v	BAD	directionality mismatch, toward vs away	1
cmn	奔月	=	01940403-v	BAD	idiom-specific, not generic fly	1
cmn	奔月	=	09358358-n	BAD	wrong POS, verb tagged to noun	1
cmn	女装	=	02728440-n	BAD	too specific, women's clothing not clothes	1
cmn	女装	=	10787470-n	BAD	wrong sense, clothing not woman	1
cmn	好一会	=	15246353-n	BAD	compositional, annotator recommends split	1
cmn	好不容易	=	00024073-r	BAD	idiom meaning, not simple negation	1
cmn	好不容易	=	00059171-r	BAD	idiom doesn't mean plain much	1
cmn	好不容易	=	00749230-a	BAD	opposite meaning, difficult not easy	1
cmn	好久	=	00059171-r	BAD	mismatch, means long time not much	1
cmn	好久	=	00166025-r	GOOD	好久 synonymous with 长久 already listed	1
cmn	好似	=	01409581-a	GOOD	means seems like/resembles	1
cmn	妇女们	=	08477912-n	GOOD	plural form precedented in synset lemmas	4
cmn	妙	=	80002092-n	BAD	妙 too general, not specific to sound	1
cmn	姊妹们	=	10602985-n	BAD	plural suffix, annotator recommends split	1
cmn	子	=	08003935-n	BAD	tokenization error, part of 子公司	1
cmn	子	=	08078020-n	BAD	tokenization error, part of 一家子	1
cmn	孩子们	=	09917593-n	GOOD	plural of 孩子, matches child sense	3
cmn	孩子们	=	09918248-n	GOOD	plural of 孩子, matches offspring sense	1
cmn	安定	=	02274089-a	GOOD	means stable/settled	2
cmn	官民	=	08160276-n	BAD	compositional coordinate compound, loses 官	1
cmn	官民	=	10372373-n	BAD	compositional coordinate compound, loses 民	1
cmn	害	=	00069879-v	BAD	superseded by MWE 害命=murder analysis	1
cmn	害	=	02482425-v	BAD	superseded by MWE 害命, bare 害 imprecise	1
cmn	家居	=	03259505-n	BAD	attributive/domestic sense, not dwelling place	1
cmn	家门	=	05180881-n	BAD	literal house gate vs metaphorical door/means	1
cmn	对症	=	00652900-v	BAD	compositional, means symptom-matching not compare	1
cmn	对症	=	14299637-n	BAD	wrong POS, compositional	1
cmn	尊称	=	01228877-n	BAD	means honorific title, too specific vs abstract respect	1
cmn	小	=	03899533-n	BAD	tokenization error, part of 小路	2
cmn	小	=	05098942-n	BAD	tokenization error, part of 大小	1
cmn	小	=	90000126-n	BAD	part of proper noun 翡翠小厨	2
cmn	小	=	90000226-n	BAD	tokenization error, part of 小印度	4
cmn	小 镇	=	01392633-a	BAD	tokenization error, annotator confirms	1
cmn	小 镇	=	08665504-n	BAD	tokenization error, annotator confirms	1
cmn	小伙子们	=	09908025-n	GOOD	plural of 小伙子, matches lad/fellow sense	1
cmn	少女们	=	10129825-n	BAD	plural suffix, annotator recommends split	1
cmn	尽可	=	00051373-a	BAD	means feel free to, not capable/adequate	2
cmn	尽可	~	00008007-r	GOOD	lexicalized adverbial, fits wholly/entirely	2
cmn	屋下	=	01207546-a	BAD	compositional 屋+下, wrong POS	1
cmn	屋下	=	04105893-n	BAD	means under house, not room	1
cmn	展	=	03303831-n	BAD	tokenization error, part of 展厅	1
cmn	展	=	06888506-n	BAD	tokenization error, part of 预展	1
cmn	屡屡	=	00176880-r	GOOD	standard adverb meaning repeatedly	2
cmn	山	<	08615149-n	BAD	part of proper noun 花柏山公园	1
cmn	山	<	08615374-n	BAD	part of proper noun 花柏山公园	1
cmn	山上	=	09359803-n	BAD	compositional, includes locative 上	1
cmn	工	=	08439955-n	BAD	tokenization error, part of 员工	1
cmn	工	=	10041887-n	BAD	tokenization error, part of 工薪族	1
cmn	工业级	=	02748635-a	BAD	compositional 工业+级, loses grade part	1
cmn	工业级	=	05093890-n	BAD	compositional, loses industrial part	1
cmn	工场	=	03316406-n	GOOD	matches factory/manufacturing plant	1
cmn	工场	=	03956922-n	GOOD	matches industrial plant/works	1
cmn	工巧匠	=	80001906-n	BAD	non-standard, part of idiom 能工巧匠	1
cmn	市内	=	08524735-n	BAD	means within city, not city itself	3
cmn	市内	=	08588294-n	BAD	compositional, tokenize separately	3
cmn	布置	=	05837271-n	GOOD	matches layout/arrangement	1
cmn	常任	=	01754421-a	GOOD	matches permanent/standing sense	1
cmn	常问	=	00059413-r	BAD	compositional adv+verb, split recommended	1
cmn	常问	=	00897746-v	BAD	compositional, means often-ask not ask	1
cmn	幕幕	=	80001904-n	BAD	reduplicated construction, not base classifier	1
cmn	平	~	01531957-a	GOOD	relates to average/level semantic field	1
cmn	广场	=	03965456-n	GOOD	matches plaza/mall sense in commercial usage	1
cmn	建成	=	01654628-v	GOOD	matches build/construct	1
cmn	建成	=	01685601-v	GOOD	matches build, resultative sense	2
cmn	开	=	01134781-v	BAD	tokenization error, part of 开枪	2
cmn	开	=	80000185-v	BAD	tokenization error, part of 开饭	1
cmn	开 着	=	01930874-v	GOOD	matches drive sense	1
cmn	开往	=	01930874-v	BAD	compositional, adds directional meaning	3
cmn	开进	=	01930874-v	BAD	compositional, loses into direction	1
cmn	开进	=	02016523-v	BAD	compositional, loses drive component	1
cmn	张学友	=	07459066-n	BAD	proper name of singer, unrelated to Grand Prix	1
cmn	张张	=	76100030-x	BAD	reduplicated construction, not base classifier	1
cmn	弱者型	=	05840188-n	BAD	compositional, loses 弱者 part	1
cmn	弱者型	=	80000569-n	BAD	compositional, wrong sense	1
cmn	弹痕	=	09229941-n	GOOD	matches bullet hole/mark	2
cmn	强弱	=	07084166-n	BAD	means stress/dynamics, not pitch intonation	1
cmn	当它	=	00651145-v	BAD	compositional, includes object pronoun	1
cmn	彻底地	=	00057388-r	GOOD	standard +地 adverbial form	1
cmn	得	~	02506546-v	BAD	fragment of MWE 只得, needs new synset	2
cmn	心脏 跳动声	=	05718254-n	BAD	compositional, too specific for generic sound	2
cmn	心脏 跳动声	=	07400906-n	BAD	compositional, heartbeat plus sound	2
cmn	必修课	=	00848466-a	BAD	wrong POS, compositional noun compound	1
cmn	必修课	=	00884466-n	BAD	hyponym not synonym, compositional	1
cmn	急急	=	00979862-a	GOOD	standard reduplicated form meaning hurriedly	1
cmn	总	=	00047903-r	GOOD	matches ultimately/in the end sense	1
cmn	总研	=	00636921-n	BAD	fragment of longer compound, loses 总 meaning	1
cmn	总研	=	02440244-v	BAD	means lead, mismatched with 总研	1
cmn	总研	=	02993546-n	BAD	means center/building, mismatched	1
cmn	总研	=	03504723-n	BAD	compositional fragment, not headquarters	1
cmn	惟命	=	70100055-a	BAD	truncated idiom, should be 惟命是从	1
cmn	想来	=	01825237-v	BAD	compositional, loses come component	1
cmn	意思	=	01343918-a	BAD	wrong POS, noun not adjective without 有	1
cmn	懂	=	00593852-v	GOOD	means understand directly	1
cmn	懒觉	=	00015806-v	BAD	wrong POS, fragment of MWE 睡懒觉	1
cmn	成功率	=	07319103-n	BAD	compositional, loses rate part	1
cmn	成功率	=	15286249-n	BAD	compositional, loses success part	1
cmn	或者´	=	00063172-r	BAD	malformed token with stray punctuation	1
cmn	房间里	~	04105893-n	BAD	freely compositional locative phrase	1
cmn	所长	=	10474645-n	GOOD	general institute director, fits director/principal	2
cmn	手	=	01852812-a	BAD	tokenization error, part of 第一手	1
cmn	手	=	03055418-n	BAD	tokenization error, part of 手袋	1
cmn	手下	=	01755816-v	BAD	tokenization error per annotator	1
cmn	手下	=	02759190-a	BAD	tokenization error per annotator	1
cmn	手里	=	05564590-n	BAD	tokenization error, compositional locative	1
cmn	手里	=	80000001-n	BAD	tokenization error, compositional locative	1
cmn	才	=	00047534-r	BAD	non-standard usage, annotator doubts Mandarin	1
cmn	扎宾	=	80000862-n	BAD	should be 扎宾舞, bare form insufficient	1
cmn	执行部	=	03017922-a	BAD	wrong POS, whole word is a noun	1
cmn	执行部	=	08114861-n	BAD	compositional, too specific for department	1
cmn	扬	=	01375831-a	BAD	fragment, should be 名扬	1
cmn	扬帆	=	00057657-n	GOOD	means set sail, matches departure sense	1
cmn	扬帆	=	00313806-n	GOOD	matches sailing activity sense	1
cmn	批准书	=	07179943-n	BAD	document not abstract act of ratifying	1
cmn	批准书	~	06471345-n	GOOD	lexicalized term for ratification document	1
cmn	抬回	=	01449974-v	BAD	compositional, directional complement changes meaning	1
cmn	抬回家	=	01449974-v	BAD	compositional, carry+home not plain carry	1
cmn	抬回家	=	01683349-a	BAD	wrong POS, whole phrase is verbal	1
cmn	抬头	=	05538625-n	BAD	wrong POS, compositional verb not noun	2
cmn	抬头	=	07370671-n	BAD	compositional, POS mismatch with verbal usage	2
cmn	抽空	=	01065687-n	BAD	wrong POS, functions as verb not noun	2
cmn	抽空	=	02311387-v	BAD	compositional, whole means spare time not withdraw	2
cmn	拉成	=	02103162-v	BAD	compositional, loses resultative 成 component	1
cmn	拟	=	00704690-v	GOOD	means to plan/intend	1
cmn	指摘	=	00826509-v	GOOD	means find fault/criticize	1
cmn	挑战权	=	00868591-v	BAD	wrong POS, whole word is noun phrase	1
cmn	挑战权	=	05196582-n	BAD	compositional, too specific for generic right	1
cmn	挥	=	80002207-v	BAD	bare 挥 too general, should be 挥拍	2
cmn	挪近	=	00444519-a	BAD	wrong POS, compositional verb phrase	1
cmn	挪近	=	01850315-v	BAD	compositional, loses closer/result nuance	1
cmn	换	=	01315613-v	BAD	tokenization error, means exchange not search	1
cmn	换代	~	00269963-n	GOOD	lexicalized term for generational change	2
cmn	捧	=	00881661-v	BAD	tokenization error, part of MWE 捧场	1
cmn	搬到	=	01855606-v	UNSURE	borderline compositional, annotator also unsure	2
cmn	摘取	=	02238085-v	GOOD	matches obtain sense metaphorically	2
cmn	摩天观景轮	=	90000189-n	GOOD	commonly elided name for Singapore Flyer	1
cmn	摩托	=	03790230-n	BAD	tokenization error, means motor not motorboat	1
cmn	收	=	02150948-v	BAD	fragment of idiom 尽收眼底, wrong sense alone	1
cmn	教育法	=	00883297-n	BAD	means education law, not teaching activity	1
cmn	教育法	=	08441203-n	BAD	too specific/compositional for generic law	1
cmn	敦促	=	00765649-v	GOOD	matches urge/press sense	1
cmn	敦促	=	00875141-v	GOOD	matches urge/advocate sense	1
cmn	敲锣	=	80001965-v	BAD	truncated idiom, needs 打鼓 for full meaning	1
cmn	整条	=	00514884-a	BAD	tokenization error per annotator	1
cmn	文学所	=	06169488-n	BAD	compositional, 所 adds institute meaning	1
cmn	斑澜	=	80002088-a	GOOD	variant of 斑斓, matches colourful sense	1
cmn	斜	=	04062428-n	BAD	tokenization error, should be 斜躺座椅	1
cmn	断水	=	00292507-v	BAD	compositional, too general, loses water specificity	1
cmn	断水	=	04562658-n	BAD	wrong sense, means water cut off not system	1
cmn	新制度	=	01640850-a	BAD	wrong POS, whole word is noun phrase	1
cmn	新制度	=	04377057-n	BAD	compositional adj+noun	1
cmn	新建	=	01654628-v	GOOD	core meaning build/construct present	1
cmn	新建	=	01685601-v	GOOD	matches build sense	1
cmn	新西兰队	=	08972521-n	BAD	refers to team, not the country itself	1
cmn	方程式	=	06732013-n	BAD	means equation, mismatched with maxim/formula sense	1
cmn	施政	=	01135952-n	GOOD	matches administration/governing sense	1
cmn	旅游	=	90000215-n	BAD	tokenization error, part of longer org name	16
cmn	族	=	02732072-n	BAD	tokenization error, part of 水族箱	1
cmn	无所谓	=	01280576-a	GOOD	means doesn't matter/indifferent	1
cmn	无须	=	02627934-v	BAD	opposite polarity, means no need not need	1
cmn	既是	=	80000764-r	GOOD	correlative form matches not only but also	2
cmn	既有	=	80000764-r	GOOD	correlative form matches not only but also	3
cmn	日制	=	08435388-n	BAD	compositional, loses day component	8
cmn	日制	=	15155220-n	BAD	compositional, loses system component	8
cmn	日本 的	~	02965043-a	BAD	freely compositional possessive, not lexicalized	1
cmn	日本队	=	02965043-a	BAD	wrong POS, whole word is noun phrase	1
cmn	日本队	=	08208560-n	BAD	compositional, too specific for generic team	1
cmn	旧船	=	01638438-a	BAD	wrong POS, whole word is noun phrase	1
cmn	旧船	=	02858304-n	BAD	compositional adj+noun	1
cmn	早刊	=	80001118-n	BAD	foreign-word artifact from Japanese 朝刊	1
cmn	早早	=	00812952-a	GOOD	standard reduplicated form of 早	1
cmn	时	=	00059547-r	BAD	annotator confirms 时时 differs from 时	1
cmn	时	=	01089136-a	BAD	tokenization error, fragment of 全时	1
cmn	时	=	77000104-n	BAD	tokenization error, fragment of 几时	1
cmn	时候	=	00021878-r	BAD	bare form means time/moment, needs 有 prefix	2
cmn	时装	=	09972157-n	BAD	tokenization error, means clothing not designer	1
cmn	昂然	=	00704609-a	BAD	questionable match, likely meant 高昂	1
cmn	是	=	00004722-r	BAD	is copula, not restrictive adverb	1
cmn	是	=	00191579-r	BAD	annotator confirms should be 就是	1
cmn	晚	=	80001022-a	BAD	fragment of idiom 朝九晚五	1
cmn	暂且	=	00088303-r	GOOD	exactly means temporarily	1
cmn	最 长	=	01433493-a	BAD	means longest (superlative), not plain long	1
cmn	月中	=	15209413-n	GOOD	month morpheme, valid MWE split	2
cmn	月中	=	15266685-n	GOOD	middle morpheme, valid MWE split	2
cmn	有	=	00036291-r	BAD	means have/exist, not slightly	1
cmn	有 种	=	02604760-v	GOOD	existential copula 有 fits be	5
cmn	有 种	=	05840188-n	GOOD	种 genuinely means type	5
cmn	有别于	=	02064745-a	GOOD	means differ from, fits different	1
cmn	有感	=	05833840-n	GOOD	as title means reflections/thoughts	1
cmn	朋党 林立	=	02469711-v	BAD	cliques rampant is not balkanize a territory	1
cmn	朋党 林立	=	08240633-n	GOOD	朋党 morpheme genuinely means clique	1
cmn	未	=	00020759-r	BAD	alone means not-yet; real word 未曾	4
cmn	未	=	02599528-v	BAD	alone doesn't mean fail; real word 未能	8
cmn	本	=	00167286-r	GOOD	as adverb legitimately means originally	1
cmn	本	=	07908812-n	BAD	fragment; real word 本笃甜酒	1
cmn	本	=	80000080-n	BAD	fragment; real word 本月	4
cmn	本	=	90000507-n	BAD	fragment; real word 本周	1
cmn	本上	=	15021085-n	BAD	missing 记事 modifier, wrong span	1
cmn	朱罗	=	02753478-a	GOOD	transliterates Jurassic, fits	1
cmn	权威性	=	02295098-a	GOOD	means authoritative, fits classical/definitive	1
cmn	权威性	=	09824609-n	BAD	abstract quality noun, not a person	1
cmn	材	=	04326084-n	BAD	too generic for specific building-stone sense	1
cmn	材	=	07809096-n	BAD	too generic for specific ingredient sense	4
cmn	来	=	02021532-v	BAD	alone doesn't mean catch in time	2
cmn	来说	=	00155621-r	BAD	construction marker, not synonym of generally	1
cmn	极力	=	00177289-r	GOOD	means strongly/vigorously, fits	1
cmn	极力	=	01511520-a	BAD	adverb of effort, wrong POS for adjective utmost	1
cmn	构	=	02620587-v	BAD	bound morpheme, not standalone verb constitute	3
cmn	构	~	04933544-n	BAD	bound morpheme, not standalone noun composition	1
cmn	标本	=	05822239-n	GOOD	exactly means specimen	2
cmn	检察院	=	08328700-n	BAD	means prosecutor's office, not judges/bench	1
cmn	椰	=	90000331-n	BAD	means coconut, fragment of 椰浆饭	1
cmn	次于	=	01853461-a	GOOD	means inferior/second to, fits secondary	1
cmn	止步	=	02559752-v	GOOD	means stop/halt, fits	1
cmn	止步	=	02680814-v	GOOD	also fits cease/discontinue sense	1
cmn	正在	=	00002950-r	BAD	includes particle 在; core word is 正	1
cmn	死死	=	00008007-r	GOOD	reduplicated intensifier means totally/completely	1
cmn	毋宁	=	00098714-r	GOOD	means rather/instead, exact fit	1
cmn	比	=	13625237-n	BAD	fragment; real word 比特 (transliteration of bit)	1
cmn	比比	=	80000630-n	GOOD	correctly identifies person's name Bebe	1
cmn	比比	=	90000211-n	BAD	alone isn't the full org name 鲁玛比比	7
cmn	气	=	00282858-r	BAD	fragment of 一口气, not synonym alone	1
cmn	气	=	14438898-n	BAD	fragment of 名气, not fame alone	1
cmn	气慨	=	04620558-n	GOOD	气概 means spirit/temperament, fits	1
cmn	氢原子核	=	09375085-n	GOOD	原子核 head morpheme exactly means nucleus	1
cmn	氢原子核	=	14640434-n	BAD	nucleus is part of atom, not the element itself	1
cmn	水	=	02939272-a	BAD	means water, wrong POS for adjective riparian	2
cmn	水	=	08633683-n	BAD	means water, not the place waterfront	3
cmn	水手们	=	10546633-n	GOOD	water 手 sailors, fits directly	1
cmn	水溶	=	02265815-a	GOOD	matches water-soluble sense	1
cmn	汇	=	02710402-v	GOOD	汇 carries converge/gather sense natively	1
cmn	河神	=	00026385-v	BAD	means river god, unrelated to relax	1
cmn	河神	=	09411430-n	GOOD	河 head morpheme exactly means river	1
cmn	沸水	=	13440779-n	BAD	boiling water is a noun, not the boiling process	1
cmn	沸水	=	14845743-n	GOOD	水 head morpheme exactly means water	1
cmn	治体	=	80000306-n	BAD	missing 自 modifier; real word 自治体	1
cmn	法国队	=	02958392-a	BAD	noun phrase (French team), wrong POS for adjective	1
cmn	法国队	=	08208560-n	GOOD	队 head morpheme exactly means team	1
cmn	泡沫	=	05907251-n	GOOD	泡沫经济 bubble metaphor matches synset	1
cmn	注	=	02070296-v	GOOD	means pour, fits pour/decant	1
cmn	注册制	=	02471327-v	BAD	注册制 is a noun (system), wrong POS for verb	1
cmn	注册制	=	08435388-n	GOOD	制 head morpheme exactly means system	1
cmn	津津乐道	=	01820302-v	GOOD	means relish/enjoy, fits	1
cmn	活泼 灵动	=	00363621-a	GOOD	means lively and lighthearted, fits buoyant	2
cmn	活泼 灵动	=	00808822-a	BAD	means lively, not about constant change	2
cmn	浆	=	07840672-n	BAD	too generic for specific coconut-milk sense	2
cmn	浆	=	90000331-n	BAD	fragment, doesn't denote the dish nasi lemak	1
cmn	济济	=	01552419-a	GOOD	means numerous/abundant, fits	1
cmn	浪潮	=	00346095-n	GOOD	metaphorically means wave/trend, fits	1
cmn	海沟型	=	05840188-n	GOOD	型 suffix literally listed as lemma of type	1
cmn	海沟型	=	09461315-n	BAD	means trench-type; the real trench word is 海沟	1
cmn	涨	=	01990281-v	GOOD	means rise, fits surface/rise sense	1
cmn	涨	=	02596908-v	GOOD	脸涨红 swell with emotion, fits	1
cmn	游	=	00077196-a	BAD	alone means swim/travel, not floating	1
cmn	源代码层	=	06246896-n	GOOD	层 head morpheme exactly means layer	1
cmn	源代码层	=	06358513-n	GOOD	源代码 modifier exactly means source code	1
cmn	滑入	=	01870275-v	GOOD	means slide/skid in, fits	1
cmn	满怀	=	00522885-a	GOOD	(heart) filled with, fits full/total sense	1
cmn	潮州	=	06930633-n	BAD	is a place name, not the dialect itself	1
cmn	澳大利亚队	=	03045750-a	BAD	noun phrase (French/Australian team), wrong POS for adjective	1
cmn	澳大利亚队	=	08208560-n	GOOD	队 head morpheme exactly means team	1
cmn	炒面	=	80002014-n	BAD	generic stir-fried noodles, not specifically hokkien mee	1
cmn	点	=	00056729-r	BAD	fragment of 一点, alone doesn't mean at all	1
cmn	点	=	00898210-v	BAD	fragment of 点头, alone doesn't mean nod	1
cmn	烂	=	00331082-v	BAD	alone is adjective rotten/mushy, wrong POS	2
cmn	烧弃	=	00196364-v	GOOD	烧 morpheme genuinely means burn	1
cmn	烧弃	=	01513430-v	GOOD	弃 morpheme genuinely means discard	1
cmn	热卖	=	90000134-n	BAD	fragment; means hot-selling, not the GSS event	8
cmn	热水	=	01247240-a	BAD	hot water is a noun, wrong POS for adjective hot	1
cmn	热水	=	14845743-n	GOOD	水 head morpheme exactly means water	1
cmn	热身赛	=	07461288-n	GOOD	means warm-up match/heat, fits	1
cmn	煎饺	=	07702193-n	GOOD	fried dumpling is a real dumpling type	2
cmn	煎饺	=	80000695-a	BAD	is a noun (dumpling), wrong POS for adjective	2
cmn	照下	=	01002740-v	GOOD	means take a photo, fits shoot/film	1
cmn	熟食	=	00021265-n	GOOD	means cooked food, fits general food/nutrient	1
cmn	熟食	=	07557165-n	BAD	means cooked food generically, not delicacy	1
cmn	爱不释口	=	80000233-a	BAD	food-specific variant, not the generic idiom	1
cmn	爱到	=	01775535-v	GOOD	爱到极点 love to the extreme, fits love	1
cmn	爱犬者	=	80000592-n	BAD	means dog lover, too specific for generic agentive	2
cmn	特	=	01862386-a	BAD	fragment of 特供, alone means special/exclusive	1
cmn	特	=	13626013-n	BAD	fragment; real word 比特 means bit, not byte	1
cmn	狠狠揍	=	01417416-v	GOOD	means beat violently, fits baste/clobber	1
cmn	理事国	=	08296332-n	BAD	is a member state, not the council itself	2
cmn	生	=	00113818-a	BAD	fragment of 生气, alone doesn't mean angry	1
cmn	田	=	80000252-n	BAD	means field, fragment of 火田	1
cmn	田间	~	08569998-n	GOOD	田 morpheme legitimately means field/land	1
cmn	由	=	06740402-n	GOOD	以...为由 means reason/cause, fits	2
cmn	电器	=	03528263-n	GOOD	commonly means (household) appliance, fits	1
cmn	电视网	=	06277280-n	BAD	is a network org, not television itself	1
cmn	电视网	=	08434259-n	GOOD	网 head morpheme genuinely means network	1
cmn	电量	=	00033615-n	GOOD	量 head morpheme exactly means quantity	1
cmn	电量	=	11450566-n	BAD	is amount of electricity, not electricity itself	1
cmn	男人们	=	10287213-n	GOOD	means men (plural), fits directly	4
cmn	登上	=	00433232-v	GOOD	means climb/ascend, fits rise/climb	1
cmn	登上	=	02020590-v	GOOD	登上顶峰 reach the summit, fits	1
cmn	皮制品	=	01653442-v	BAD	is a noun, wrong POS for verb construct	1
cmn	皮制品	=	03076708-n	GOOD	leather goods is a kind of commodity	1
cmn	皮制品	=	14759722-n	BAD	is the product, not the leather material itself	1
cmn	监控室	=	03098688-n	GOOD	exactly means control room	1
cmn	直	=	80000821-r	BAD	fragment of 直到, alone doesn't mean until	1
cmn	直上	=	00509432-r	GOOD	逆流直上 means straight up, fits	2
cmn	直下型	=	08578032-n	GOOD	refers to epicenter-focused quake type, fits	4
cmn	直属	=	00770480-a	GOOD	means directly subordinate, fits direct/unmediated	2
cmn	相识于	=	00594337-v	GOOD	means became acquainted at, fits know	1
cmn	省厅	=	08114004-n	GOOD	means government ministry/department, fits	1
cmn	看	=	02133435-v	BAD	fragment of 看起来, alone doesn't mean seem	1
cmn	看	=	02198973-v	BAD	fragment of 看透, alone doesn't mean see through	1
cmn	看 不 出	=	00720961-v	GOOD	看不出 means fail to discern, fits tell	2
cmn	看团	=	00564857-v	GOOD	团 morpheme means crumpled here, fits	1
cmn	看团	=	02130524-v	GOOD	看 morpheme genuinely means look/perceive	1
cmn	看看	=	00591115-v	GOOD	看看 can mean find out/understand, fits	2
cmn	看看	=	02129289-v	GOOD	directly means to see/look, fits	2
cmn	看看	=	02130524-v	GOOD	directly means to look, fits	1
cmn	眼	=	05945642-n	BAD	means eye; view sense needs 眼中 construction	1
cmn	着	<	01876907-v	BAD	着 is a grammatical aspect particle, not content word	1
cmn	着	<	02082690-v	BAD	着 is a grammatical aspect particle, not content word	1
cmn	着	=	01224001-v	BAD	着 is a grammatical aspect particle, not content word	1
cmn	着	=	01763101-v	BAD	着 is a grammatical aspect particle, not content word	1
cmn	着	=	01876907-v	BAD	着 is a grammatical aspect particle, not content word	1
cmn	着	=	02108654-v	BAD	着 is a grammatical aspect particle, not content word	1
cmn	着	=	02162947-v	BAD	着 is a grammatical aspect particle, not content word	1
cmn	瞠目	~	02164694-v	GOOD	stare in astonishment relates to admire	1
cmn	知识	=	01332386-a	BAD	is a noun (knowledge), wrong POS for adjective	1
cmn	知识	=	01780343-a	BAD	is a noun (knowledge), wrong POS for adjective	1
cmn	研修	=	00597915-v	GOOD	means training/study, fits acquire knowledge	1
cmn	研修	=	00636921-n	BAD	is a verb (to train), wrong POS for noun research	1
cmn	研修	=	00644583-v	GOOD	means to study/research, fits examine/analyze	1
cmn	研修	=	00877327-v	GOOD	means to research/investigate, fits	1
cmn	研讨会	=	08308497-n	GOOD	exactly means seminar/conference	1
cmn	硕果	=	07294550-n	GOOD	metaphorically means fruit/achievement, fits	1
cmn	碧昂丝	=	07459066-n	BAD	is Beyonce's name, unrelated to Grand Prix	1
cmn	磨合	=	07184149-n	BAD	means to harmonize/adjust, not quarrel	1
cmn	礼	=	13268842-n	GOOD	means gift/present, fits directly	1
cmn	社会	=	01087178-n	BAD	fragment, missing 保险 head entirely	1
cmn	社会	=	13947415-n	BAD	fragment, missing 地位 head entirely	1
cmn	福州	=	06930633-n	BAD	is a place name, not the dialect itself	1
cmn	离心力	=	05706547-n	BAD	means centrifugal force, not distraction	1
cmn	私塾	=	08411170-n	GOOD	traditionally means private school, close fit	1
cmn	种 内	=	00951831-a	BAD	garbled tokenization, not the word interior	1
cmn	种上	=	01567275-v	GOOD	means to plant, fits set/plant sense	1
cmn	科幻迷	=	06368628-n	BAD	means sci-fi fan (person), not the genre itself	1
cmn	科幻迷	=	10078131-n	GOOD	迷 head morpheme exactly means enthusiast/fan	1
cmn	科幻迷	=	10290541-n	GOOD	迷 head morpheme also fits obsessive-fan sense	1
cmn	移民局	=	00056311-n	BAD	is the office, not the immigration process	1
cmn	移民局	=	08337324-n	GOOD	局 head morpheme exactly means bureau	1
cmn	稍有	=	00033663-r	GOOD	means slightly/a little, fits	1
cmn	稍有	=	00036291-r	GOOD	means slightly, fits	1
cmn	税制	=	05904010-n	GOOD	exactly means tax system	1
cmn	稳健派	=	09904837-n	GOOD	means moderate faction, fits centrist	1
cmn	稳定版	=	00877938-a	BAD	means stable version, antonym of beta	4
cmn	稳进	=	01835496-v	GOOD	进 head morpheme exactly means move/advance	1
cmn	稳进	=	02291336-a	GOOD	稳 modifier commonly means steady/firm	1
cmn	空洞化	~	00395797-n	GOOD	means hollowing out, fits emptying/evacuation	1
cmn	竟然	=	00040719-r	GOOD	means unexpectedly, exact fit	1
cmn	笃	=	07908812-n	BAD	fragment; real word 本笃甜酒	1
cmn	第	=	90000322-n	BAD	is ordinal prefix, unrelated to transliteration	1
cmn	第一 位	=	00228294-a	GOOD	means top-ranked, fits foremost/first-rank	1
cmn	第一 位	=	01010862-a	GOOD	第一位 means first, fits	1
cmn	第一 位	=	13597444-n	GOOD	第一 morpheme means first/number one, fits	2
cmn	第二 次	=	02202146-a	GOOD	第二 morpheme means second, fits	13
cmn	第二 次	=	07309599-n	GOOD	次 morpheme means occurrence/time, fits	13
cmn	策划者	=	10438172-n	GOOD	exactly means planner	1
cmn	筹措	=	02217864-v	GOOD	means to raise funds/finance, fits	1
cmn	简历	=	06468403-n	GOOD	exactly means resume/CV	1
cmn	箱	=	02773037-n	BAD	means box/case, not specifically a soft bag	2
cmn	篷	=	80001584-a	BAD	means canopy generically, not open-top specifically	1
cmn	簿锁	=	01347678-v	BAD	garbled compound (checkbook+lock), not just lock	1
cmn	簿锁	=	13414310-n	BAD	fragment, missing 支票 modifier entirely	1
cmn	类	=	02665282-v	UNSURE	annotator's own comment flags uncertainty	2
cmn	精	=	03916031-n	BAD	too generic for the specific perfume sense	1
cmn	精	=	14966667-n	BAD	fragment, doesn't mean oil alone	1
cmn	纪念版	=	03055809-a	BAD	is a noun (edition), wrong POS for adjective	1
cmn	纪念版	=	05840650-n	GOOD	版 head morpheme exactly means edition/version	1
cmn	组合	=	08234628-n	BAD	too generic, missing 信用 modifier	1
cmn	细	=	00153568-r	GOOD	commonly functions as adverb meaning carefully	3
cmn	结出	=	01652139-v	GOOD	means to bear (fruit), fits turn out/bear	1
cmn	绵	=	01152746-a	GOOD	as adjective legitimately conveys softness	3
cmn	缕	=	12146311-n	BAD	means thread/strand, fragment of 结缕草	1
cmn	缺一不可	=	01580306-a	GOOD	means indispensable, exact fit	1
cmn	罗	=	90000317-n	BAD	fragment; real word is 罗惹 (rojak)	1
cmn	美国队	=	09195615-n	BAD	wrong sense; synset is continent America not team	1
cmn	翻	=	01512625-v	GOOD	matches toss/flip meaning	1
cmn	翻越	=	01912159-v	GOOD	matches cross/traverse	1
cmn	职工	=	09632518-n	GOOD	matches worker sense	1
cmn	联合	=	08293982-n	BAD	modifies noun, not the coalition itself	1
cmn	能力	=	11452079-n	BAD	means ability, not energy	1
cmn	自家	=	01768724-a	GOOD	matches own/ain	2
cmn	自由派	=	10256756-n	GOOD	matches liberal	2
cmn	自选	=	01060947-a	BAD	means optional/self-chosen, not detached	2
cmn	至上主义	=	00792202-a	GOOD	至上 component matches paramount	1
cmn	至上主义	=	05916739-n	UNSURE	annotator flagged uncertain with ?	1
cmn	舞人	=	00007846-n	GOOD	人 component matches person	1
cmn	舞人	=	01894649-v	GOOD	跳舞 component matches dance	1
cmn	航空	=	02690081-n	GOOD	MWE component of airline company	2
cmn	航空	=	90000093-n	GOOD	MWE component of Singapore Airlines	1
cmn	良	=	12356960-n	BAD	single char, should be 良姜	1
cmn	花钱	=	02267060-v	GOOD	花 component matches spend	1
cmn	花钱	=	13384557-n	GOOD	钱 component matches money	1
cmn	花香	=	04980008-n	BAD	too broad, general smell not fragrance	1
cmn	花香	=	05714466-n	GOOD	matches pleasant fragrance	1
cmn	花香	~	04980463-n	GOOD	related sweet scent, op is related	1
cmn	若吉	=	80000511-n	BAD	should be 若吉舞, not 若吉 alone	1
cmn	茶座	=	02935658-n	GOOD	context matches cafe per annotator note	1
cmn	茶座	=	04398497-n	BAD	teahouse sense wrong for this context	1
cmn	药	=	80001601-n	BAD	single char, should be 药妆(品)	1
cmn	获	=	13296460-n	GOOD	MWE head of idiom 略有所获	1
cmn	菜	=	07555863-n	GOOD	matches food/solid food	1
cmn	营	=	01277426-a	BAD	single char, should be 主营	2
cmn	蔬果	=	07707451-n	GOOD	compositional vegetable component	1
cmn	蔬果	=	13134947-n	GOOD	compositional fruit component	1
cmn	薄	=	03016868-n	BAD	single char, should be 薄绸	1
cmn	虽则	=	00028797-r	GOOD	"matches ""however"""	1
cmn	虾蓉	=	07794159-n	GOOD	compositional shrimp component	2
cmn	虾蓉	=	07856270-n	GOOD	compositional paste component	2
cmn	融洽	=	07180183-n	GOOD	matches harmony/concordance	1
cmn	血汗	=	00621627-n	GOOD	matches effort/sweat/toil	1
cmn	行	=	02226162-a	BAD	single char, should be 在行	1
cmn	表面化	=	01873406-a	GOOD	matches superficial/apparent	1
cmn	衬里儿	=	02728440-n	GOOD	衬 component already in lemma list	1
cmn	衬里儿	=	80000001-n	GOOD	里 component already in lemma list	1
cmn	要	=	00112393-r	BAD	single char, meaning from phrase 一定要	1
cmn	要	=	00164751-r	BAD	single char, should be 要是	1
cmn	要	=	01066787-a	BAD	single char, should be 主要	1
cmn	要	=	01277426-a	BAD	single char, should be 要点	1
cmn	要	=	06604066-n	BAD	single char, should be 要点	1
cmn	视障	=	05654362-n	BAD	whole word wrongly tagged, needs tokenizing	1
cmn	视障	=	14059663-n	BAD	whole word wrongly tagged, needs tokenizing	1
cmn	解除	=	00338559-v	GOOD	matches dissolve/rescind	1
cmn	詹美	=	80000800-n	GOOD	part of MWE 詹美回教堂 (Jamae Mosque)	2
cmn	计划署	=	08381636-n	BAD	programme/agency, not advisory board	1
cmn	训练所	=	08276720-n	GOOD	matches training institute/school	1
cmn	记忆犹新	=	01040410-a	GOOD	matches unforgettable	1
cmn	论	=	07138085-n	GOOD	matches discourse/treatise sense	1
cmn	论不妥	=	00562909-a	BAD	malformed span, 论 belongs to prior word	1
cmn	设法	=	08441203-n	BAD	"means ""try to"", not law/jurisprudence"	1
cmn	访问	=	01844048-v	GOOD	matches official visit	1
cmn	诚意	=	07512315-n	GOOD	matches sincerity	1
cmn	话	=	00119578-r	BAD	single char, should be 话说回来	1
cmn	说来	=	00041954-r	BAD	meaning from modifier+说来, not alone	1
cmn	说说	=	00962447-v	GOOD	reduplication of 说, still means talk	1
cmn	请求	=	07190693-n	GOOD	matches request	1
cmn	象	=	01636397-v	BAD	single char, should be 想象	2
cmn	象棋界	=	07965937-n	GOOD	matches world/domain sense (chess world)	1
cmn	象棋界	=	80000245-n	GOOD	matches community/group sense	1
cmn	豪饮	=	01171183-v	GOOD	matches drink heavily	1
cmn	负	=	07475364-n	GOOD	matches loss/defeat in score context	1
cmn	负于	=	00204872-v	GOOD	matches lose/be at disadvantage	1
cmn	负有	=	02630871-v	GOOD	matches bear (responsibility)	1
cmn	贸易中心	=	01091905-n	GOOD	compositional trade component	2
cmn	贸易中心	=	02993546-n	GOOD	compositional center component	2
cmn	费时间	=	02267989-v	GOOD	费 matches require/take (time)	1
cmn	赏	=	01218593-n	BAD	single char, should be 观赏	1
cmn	走出	=	02010082-v	GOOD	matches walk away/go away from	1
cmn	赶到	=	00347276-v	GOOD	matches arrive at	1
cmn	起	=	01150475-a	BAD	single char, should be 对不起	2
cmn	起来	=	00713167-v	BAD	particle alone, should be 联系起来	2
cmn	起来	=	02133435-v	BAD	particle alone, meaning from 看起来	2
cmn	超大型	=	01385255-a	GOOD	matches enormous/oversized	1
cmn	趋于	=	00149583-v	GOOD	matches become/tend towards	1
cmn	足	=	00560247-v	BAD	means sufficient, opposite of insufficient	2
cmn	跌入	=	01970826-v	GOOD	matches fall/descend	1
cmn	跑完	=	00484166-v	GOOD	matches finish/complete	1
cmn	跟前	=	00066781-r	GOOD	matches in front of	1
cmn	身心	=	05919263-n	BAD	tokenization error per annotator, needs split	5
cmn	身穿	=	00050652-v	GOOD	matches wear/put on	1
cmn	车	=	02766534-n	BAD	single char too general, should be 儿童车	1
cmn	转到	=	00121678-v	GOOD	matches shift/redirect	1
cmn	转到	=	00549771-v	GOOD	matches turn to (attention)	1
cmn	转折性	=	07417851-n	GOOD	matches turning point/watershed	1
cmn	轴心	=	08171094-n	BAD	metaphorical centrality, not alliance bloc	1
cmn	载	=	02233704-v	BAD	single char, should be 下载	1
cmn	载入	~	01745722-v	GOOD	related to being recorded/published	1
cmn	较 低	=	00393149-r	GOOD	matches low position	1
cmn	辛苦	=	00744916-a	GOOD	matches hard/difficult	1
cmn	辞	=	02382367-v	GOOD	matches resign/quit	1
cmn	边防站	=	08517825-n	GOOD	matches checkpoint	1
cmn	迁回	=	01850315-v	GOOD	matches move/shift back	1
cmn	过	=	00060939-r	UNSURE	"annotator hedges ""similar to"", aspect particle"	116
cmn	过	=	02708420-v	BAD	single char, should be 度过	1
cmn	过足	=	01183573-v	GOOD	matches fill/satisfy craving	1
cmn	过足	=	02336109-a	GOOD	compositional adequate/enough sense	1
cmn	迎击	=	02375131-v	BAD	means counter/repel, not generic engage	1
cmn	迎新	=	02237206-v	GOOD	迎 component matches welcome	3
cmn	迎新	=	15182189-n	GOOD	新年 component matches New Year	3
cmn	还 可以	=	00047534-r	GOOD	还 matches also/in addition	1
cmn	还 有	=	00027384-r	BAD	"existential ""still are"", not concessive however"	3
cmn	还 有	=	00031304-r	GOOD	matches still (continuing condition)	1
cmn	还有	=	02603699-v	GOOD	有 component matches exist	1
cmn	这位	=	77000061-a	GOOD	这 component matches demonstrative this	5
cmn	进修	=	00599992-v	GOOD	matches study/further training	1
cmn	进修生	=	09801864-n	GOOD	matches apprentice/trainee	1
cmn	连锁	=	03001115-n	GOOD	part of MWE 连锁商店 chain store	1
cmn	连锁	=	08057816-n	GOOD	part of MWE 连锁店 chain	5
cmn	送到	=	01437254-v	GOOD	matches send/deliver to	1
cmn	送到	=	02348568-v	GOOD	matches commit/send to institution	1
cmn	送来	=	01438304-v	GOOD	matches deliver	1
cmn	选举战	=	00181781-n	GOOD	matches election	1
cmn	透	=	02198973-v	BAD	single char, should be 看透	1
cmn	通红	=	00395626-a	GOOD	matches flushed red	1
cmn	逼近	=	02053941-v	GOOD	matches approach/draw near	1
cmn	道	=	00043794-r	BAD	"racetrack noun mismatched with ""thence"" adverb"	1
cmn	遮住	=	01582200-v	GOOD	遮 component matches cover/hide	1
cmn	遮光	=	03162297-n	GOOD	matches light-blocking lantern concept	2
cmn	那	=	08731606-n	BAD	"demonstrative ""that"", not Indochina"	1
cmn	那块	=	76100066-x	GOOD	块 classifier fits lawn patch usage	1
cmn	那座	=	76100060-x	GOOD	座 classifier fits large structure	1
cmn	那时候	=	15244650-n	GOOD	时候 component matches moment/point in time	2
cmn	那是	=	77000079-a	BAD	tokenization error, includes copula 是	2
cmn	配	=	01094049-a	GOOD	part of MWE 配有 equipped with	1
cmn	配	=	07580053-n	GOOD	part of MWE 配菜 side dish	5
cmn	酒会	=	08307589-n	GOOD	matches gathering/reception	1
cmn	酿	=	80000563-n	BAD	needs split, 酿 alone not yong tau fu	9
cmn	醉倒	=	00797299-a	GOOD	matches drunk/intoxicated	1
cmn	里	=	09526703-n	GOOD	part of MWE 卡里 Kali name	1
cmn	里	=	13651218-n	GOOD	part of MWE 英里 mile	1
cmn	重创	=	00651039-a	BAD	tokenization error per annotator	2
cmn	重创	=	07313636-n	BAD	tokenization error per annotator	2
cmn	铁锨	=	04208210-n	GOOD	matches shovel	1
cmn	锵锵	=	07380144-n	GOOD	matches repeating clang noise	1
cmn	锵锵作响	=	02176268-v	GOOD	作响 component matches make sound	1
cmn	长 时间	=	15242955-n	GOOD	matches long time, already in lemma list	1
cmn	门下	=	10485989-n	GOOD	matches protege/disciple	2
cmn	闯	=	02058994-v	GOOD	matches rush/speed	1
cmn	阵痛	=	07494363-n	GOOD	matches painfulness (figurative)	1
cmn	降到	=	00432683-v	GOOD	降 component matches drop in value	1
cmn	险要	=	01145151-a	GOOD	matches precipitous/dangerously steep	1
cmn	随心	=	00210651-r	GOOD	matches freely	1
cmn	隔	=	00181075-r	GOOD	matches apart (distance/time)	1
cmn	难	=	00749040-a	BAD	single char, should be 为难	1
cmn	非专业	=	01870636-a	GOOD	matches amateur/unskilled	1
cmn	非政府	=	01814711-a	BAD	annotator flags: means non-governmental, opposite sense	1
cmn	面面观	=	90000225-n	GOOD	part of MWE named publication	4
cmn	顶	=	00094893-r	GOOD	matches against the wind	2
cmn	顶层	=	03365592-n	BAD	means top floor/level, not flooring surface	1
cmn	顶楼	=	03365991-n	BAD	tokenization error per annotator	3
cmn	顶楼	=	13940456-n	BAD	tokenization error per annotator	3
cmn	项目	=	06392001-n	BAD	means item/project, not section of composition	3
cmn	顿觉	~	00092814-r	GOOD	顿 relates to momentarily	1
cmn	领到	=	01999798-v	GOOD	领 component matches lead/guide	1
cmn	领到	=	02005948-v	GOOD	到 component matches arrive/reach	1
cmn	风波	=	13933560-n	GOOD	matches crisis (figurative storm)	1
cmn	风物	=	08646902-n	GOOD	matches landscape/scenery	1
cmn	飘溢	=	01874178-v	GOOD	matches waft	1
cmn	飞往	=	01840238-v	GOOD	matches fly to	2
cmn	飞来飞去	=	01840238-v	GOOD	matches fly (reduplicated form)	1
cmn	食	=	07809096-n	GOOD	part of MWE 食材 ingredient	7
cmn	食用	=	01168468-v	GOOD	matches eat	1
cmn	饺	=	80000495-n	BAD	single char, should be 米饺(子)	1
cmn	馆	=	80000130-n	GOOD	part of MWE named gallery	1
cmn	馆	~	01462625-a	GOOD	part of idiom 镇馆之宝, related treasured	1
cmn	馆	~	13810141-n	GOOD	part of idiom 镇馆之宝, related highlight	1
cmn	首	=	01277426-a	GOOD	matches chief/primary in 为首	1
cmn	首家	=	01010862-a	GOOD	首 component matches first	2
cmn	首次	=	01010862-a	GOOD	matches first	1
cmn	首脑	=	08312359-n	BAD	means leader (person), not summit meeting	1
cmn	高	=	00625055-a	GOOD	matches significant/substantial degree	1
cmn	高出	=	01555133-a	GOOD	matches more than	1
cmn	高知	=	08626947-n	BAD	place name alone, missing 县 prefecture suffix	1
cmn	高知县	=	08626947-n	GOOD	matches prefecture, full form	2
cmn	高窗户	=	02385102-a	GOOD	高 component matches tall/high	1
cmn	高窗户	=	04587648-n	GOOD	窗户 component matches window	1
cmn	鱼头	=	90000032-n	GOOD	part of MWE 咖喱鱼头 named dish	8
cmn	鱼干	=	07783667-n	BAD	generic dried fish, missing 凤尾 anchovy specifier	1
cmn	鲁玛	=	90000211-n	BAD	half of name, should be 鲁玛比比 full name	7
cmn	黑	=	07603722-n	BAD	single char, should be joined 黑巧克力	1
cmn	黑	=	07825972-n	BAD	single char, should be joined 黑酱油	1
cmn	黑压压	=	00299753-r	GOOD	matches densely/thickly	1
cmn	１日	<	15157225-n	BAD	plain calendar date, not observance day	1
cmn	１００年	=	02196107-a	GOOD	100 component matches hundred	1
cmn	１００年	=	15203791-n	GOOD	年 component matches year	1
cmn	１１日	=	15155220-n	GOOD	日 matches generic 24-hour day unit	2
cmn	２５日	=	15155220-n	GOOD	日 matches generic 24-hour day unit	1
cmn	３０日	<	15157225-n	BAD	plain calendar date, not observance day	1
cmn	３０日	~	02205838-a	GOOD	matches ordinal thirtieth	1
cmn	３１日	<	15157225-n	BAD	plain calendar date, not observance day	3
cmn	４日	<	15157225-n	BAD	plain calendar date, not observance day	2
cmn	５成	=	13817526-n	GOOD	成 matches percentage, already in lemma list	1
cmn	５日	<	15157225-n	BAD	plain calendar date, not observance day	1
cmn	９月	=	15212739-n	GOOD	matches September, already in lemma list	1
cmn	ｃ重油	=	80000421-n	GOOD	compositional C + heavy oil	1
cmn	ｍ	=	06832464-n	GOOD	literally is the Roman letter M	2
eng	'll	<	00698398-v	BAD	'll is contraction of will, not hyponym	1
eng	'll	~	00698398-v	BAD	'll is same word will, not related synset	1
eng	'm	=	02604760-v	GOOD	'm is contraction of be/am copula	1
eng	're	=	02604760-v	GOOD	're is contraction of be/are copula	2
eng	's	=	02603699-v	GOOD	existential there's fits be extant sense	5
eng	's	=	02604760-v	GOOD	copular 's fits quality-of-being sense	5
eng	's	=	02616386-v	BAD	attributive 's not identity sense of be	2
eng	10pm	=	07309599-n	BAD	clock time, not occasion/instance sense	1
eng	11am	=	07309599-n	BAD	clock time, not occasion/instance sense	1
eng	3	=	10709131-n	BAD	numeral 3 does not mean third party	2
eng	350	<	05121418-n	GOOD	350 is a hyponym of number	1
eng	360	~	13611207-n	BAD	compositional 360-degree, annotator flags split	1
eng	4d	~	06618937-n	GOOD	4D theatre lexicalised, related to 3D movie	1
eng	@	=	09448945-n	BAD	@ means at, not spatial stretch	1
eng	Islands	=	09316454-n	GOOD	plural of island, same sense	1
eng	a	<	00336564-a	BAD	wrong POS, article not adjective indefinite	1
eng	a	<	02186338-a	GOOD	standard PWN mapping article a to one	23
eng	a	=	00033615-n	BAD	article a is not variant of amount	1
eng	a	=	00138508-v	BAD	article a tagged as verb turn/reverse	1
eng	a	=	01677623-a	BAD	article a not intensifier sense of one	1
eng	a	=	01930874-v	BAD	article a tagged as verb drive, wrong POS	3
eng	a	=	02186338-a	GOOD	standard PWN synonym article a with one	20
eng	a	=	02267686-n	BAD	article a not pronoun whatever/any sense	1
eng	a	=	05870055-n	BAD	article a mistagged as pronoun one noun	10
eng	a	=	13742573-n	BAD	article a not the numeral 1 noun	7
eng	a	~	06831177-n	GOOD	capital A grade sense matches letter A	1
eng	a little	=	13774404-n	GOOD	idiomatic quite a little means large amount	1
eng	a_kind_of	=	04746262-n	GOOD	a kind of is lexicalised, means sort	1
eng	a_lot	=	01553629-a	GOOD	a lot is idiomatic for much	1
eng	about	=	01024190-v	BAD	preposition about tagged as verb mention	1
eng	about	=	02676054-v	BAD	preposition about tagged as verb, wrong POS	1
eng	about	=	02677097-v	BAD	preposition about tagged as verb, wrong POS	1
eng	about	=	05820170-n	BAD	preposition about tagged as noun regard	1
eng	about	~	02676054-v	BAD	preposition about tagged as verb, wrong POS	2
eng	accord	=	00231765-r	GOOD	of one's own accord lexicalised adverb phrase	1
eng	accord	=	00698398-v	BAD	accord is noun in phrase, not verb will	1
eng	accord	~	00037396-n	BAD	accord part of adverbial idiom, not action noun	1
eng	account	=	80001259-v	GOOD	on account of matches custom lemma list	1
eng	addition	=	00046167-r	GOOD	in addition matches adverb sense exactly	2
eng	after	=	01144657-v	GOOD	after the convict fits hunt/pursue sense	1
eng	after	=	01188725-v	GOOD	be after fits want/desire sense	1
eng	after	=	02153709-v	GOOD	be after fits search/seek sense	1
eng	after-shocks	=	07429637-n	GOOD	exact match to aftershock definition	1
eng	aftershocks	=	11411610-n	BAD	literal tremors, not figurative aftermath sense	1
eng	against	~	00198147-a	BAD	preposition against mistagged as adjective front	1
eng	ah	<	06326406-n	GOOD	Singlish discourse particle correctly typed	1
eng	ah	=	02418686-v	BAD	ah wrongly linked to play, word mixup	1
eng	all	=	00053004-r	GOOD	all is head of MWE all right	1
eng	all	=	00056729-r	GOOD	all is head of MWE at all	1
eng	all	=	00151305-r	GOOD	all is head of MWE after all	1
eng	all-female	~	01478182-a	GOOD	all-female compound related to female adj	1
eng	all-women's	~	10787470-n	GOOD	all-women's related to woman noun	1
eng	amid	=	00329831-a	BAD	preposition amid mistagged as adjective central	1
eng	amid	=	00331030-a	BAD	preposition amid mistagged as adjective medial	1
eng	amid	~	08524262-n	BAD	preposition amid mistagged as noun core	1
eng	among	=	00110815-r	BAD	among means amid group, not inside/within	1
eng	an	=	13649791-n	BAD	annotator flags an and inch should split	1
eng	and	<	06325826-n	GOOD	and correctly exemplifies conjunction sense	1
eng	and	=	00028797-r	BAD	and alone does not mean however	1
eng	and	=	00040494-r	BAD	and does not fit archaic withal sense	1
eng	and	=	00047534-r	GOOD	sentence-initial and fits additive sense	2
eng	and	=	00053004-r	BAD	and does not mean all right/agreement	1
eng	and	=	00061203-r	BAD	and alone does not mean afterward	1
eng	and	=	00117620-r	GOOD	and fits and-then/and-so continuative sense	1
eng	and so	=	80001505-r	BAD	synset defined for Japanese particle, mismatched	2
eng	animate	=	00804695-a	GOOD	animated fits lively/full of life sense	1
eng	anti-design	~	03178782-n	GOOD	anti-design lexicalised, related to design noun	1
eng	any	=	00027258-r	GOOD	any is head of MWE in any way	1
eng	anywhere	=	00056729-r	GOOD	anywhere near fits at-all intensifier idiom	1
eng	appear	=	00426301-v	GOOD	re-appeared matches appear-again sense	1
eng	are	=	02603699-v	BAD	copular are is quality-of-being not existential	1
eng	arm	=	05129928-n	BAD	clemma arm mismatched, no arm's length evidence	1
eng	arm	=	07472808-n	GOOD	arms race idiom fits comment intent	1
eng	art	=	00935005-n	GOOD	arts head of MWE arts and crafts	1
eng	art	=	01815838-a	BAD	art noun mistagged as adjective popular	1
eng	art	=	06153846-n	GOOD	arts fits humanities/liberal arts sense	1
eng	art	=	06157326-n	GOOD	arts fits performing arts, dance context	1
eng	as	=	00017881-r	GOOD	as fits temporal even-as/just-as sense	1
eng	as	=	00033922-r	GOOD	as soon as MWE fits soon/shortly sense	1
eng	as	=	00064946-r	BAD	as-while is not standalone meanwhile adverb	1
eng	as	=	00098959-r	GOOD	so far as MWE fits extent sense	1
eng	as	=	00101323-r	GOOD	as far as MWE fits degree/far sense	1
eng	as	=	00118363-r	GOOD	as in so as to fits lemma list	1
eng	as	=	00120095-r	GOOD	as fits at-the-same-instant sense	1
eng	as	=	00159040-r	GOOD	as fits such-as example sense	1
eng	as	=	00414179-n	BAD	as is conjunction, not noun habit	1
eng	as	=	00504431-a	GOOD	strike as fits comparable-to sense	1
eng	as	=	00950431-v	BAD	causal as mistagged as verb consider	1
eng	as	=	01410606-a	BAD	comparative as mistagged as adjective similar	1
eng	as	=	02071420-a	BAD	insufficient context, wrong POS for as	1
eng	as	=	13941125-n	BAD	as far as mistagged as noun, wrong POS	2
eng	as	=	15133621-n	BAD	annotator notes only hypernym, not synonym	1
eng	as	=	15246353-n	BAD	annotator notes only similar, not synonym	3
eng	as	=	80001505-r	BAD	annotator flags MWE as well as more suitable	2
eng	as a matter of fact	=	05818620-n	GOOD	idiom matches matter-of-fact sense exactly	1
eng	as a rule	<	05846054-n	GOOD	as a rule lexicalised, hyponym of rule	1
eng	as_as	=	00022131-r	GOOD	as...as correlative matches degree sense	1
eng	assam	=	07764630-n	GOOD	assam is regional term for tamarind	1
eng	assert	=	02519055-v	BAD	needs reflexive asserted_itself, plain assert mismatched	1
eng	at	=	00049220-r	GOOD	at present MWE fits now sense	2
eng	at	=	00056729-r	GOOD	at all MWE fits intensifier sense	1
eng	at	=	00104345-r	GOOD	at least MWE fits not-less-than sense	1
eng	at	=	00734054-v	UNSURE	annotator comment trails off, undecided	1
eng	at	=	00877127-n	GOOD	look at MWE fits looking-at sense	2
eng	at	=	01681477-a	BAD	locative at mistagged as adjective placed	1
eng	at	=	02126430-a	BAD	preposition at mistagged as adjective placed	1
eng	at	=	02130300-v	BAD	annotator says MWE inaccurate, at should be x	1
eng	at	=	02131777-v	BAD	annotator says at should be tagged as x	2
eng	at	=	02427103-v	BAD	preposition at mistagged as verb establish	1
eng	at	=	02487573-v	BAD	annotator says needs call_at MWE instead	1
eng	at	=	77000084-n	BAD	weak vague link, at is not where-pronoun	1
eng	at	=	80000823-r	GOOD	custom synset fits temporal at that moment	1
eng	at work	=	00719705-n	GOOD	at work idiom fits job/task sense	1
eng	attach to	=	01354673-v	GOOD	attach to matches connect/fasten sense	1
eng	away	=	00048739-r	BAD	ordered away means depart, not immediately	2
eng	b	=	00102881-r	GOOD	list label b matches secondly ordinal sense	1
eng	back	=	01904120-v	GOOD	fall back MWE matches move-back sense	1
eng	background-daemon	~	06568978-n	GOOD	background-daemon is a kind of program	1
eng	background-daemon	~	07285191-n	GOOD	background-daemon relates to background sense	1
eng	bad	=	00231252-a	GOOD	Worse is comparative form matching worse synset	1
eng	bad-off	=	02022953-a	GOOD	bad-off matches poor/little money sense	1
eng	bang	=	07376539-n	GOOD	banging noise matches noun sense exactly	1
eng	bankrolled	=	02215506-v	GOOD	bankrolled elections fits fund sense	1
eng	bankrolled	=	02217266-v	GOOD	bankrolled fits finance sense, close synonym	2
eng	be	=	00149583-v	BAD	was a solicitor is stative, not become/change	1
eng	be	=	00893435-v	BAD	copula is mistagged as verb explain/excuse	1
eng	be	=	00931852-v	GOOD	that is idiom fits mean/signify sense	1
eng	be	=	02671613-v	GOOD	be a pure MTA fits function-as sense	2
eng	be	=	06739990-n	BAD	copula is mistagged as noun reason	1
eng	be due	=	00929916-a	GOOD	were due matches scheduled-to-arrive sense	1
eng	be on	=	02604760-v	BAD	annotator says was alone, not was on	1
eng	bear upon	=	01990281-v	GOOD	borne upon fits come-to-surface imagery	1
eng	bear-like	~	02131653-n	GOOD	bear-like compound related to bear mammal	1
eng	before	<	00060939-r	BAD	annotator flags before is preposition, skip	1
eng	before	=	02407766-v	BAD	preposition before mistagged as verb precede	1
eng	before	=	80000821-r	GOOD	custom synset fits before-meaning-until sense	1
eng	behind	=	08625846-n	BAD	preposition behind mistagged as noun rear	1
eng	bet	~	06686467-n	GOOD	coppers his bets relates to safety net idiom	1
eng	beta-testers	=	00007846-n	BAD	beta-tester is hyponym of person, not synonym	1
eng	beta-testers	=	00877938-a	BAD	beta-testers noun mistagged as adjective beta	1
eng	beta-testers	=	02531625-v	BAD	beta-testers noun mistagged as verb test	1
eng	beta-testers	=	09912995-n	GOOD	beta-testers fits checker/one-who-checks sense	1
eng	beta-testers	~	00877938-a	GOOD	beta-testers reasonably related to beta stage	1
eng	big	=	01383756-a	GOOD	bigger matches large/bigger comparative sense	1
eng	bigwigs	=	10748620-n	GOOD	political bigwigs matches VIP/dignitary sense	1
eng	bird	=	02015598-v	BAD	bird is noun, flown carries the leave-verb sense	1
eng	black-clothed	=	00456739-a	BAD	annotator says should split black and clothed	1
eng	blackletter	=	06825120-n	BAD	annotator notes only hypernym, not synonym	1
eng	blank	=	00609100-v	GOOD	blanked matches unable-to-remember sense exactly	1
eng	bone	=	05273822-n	GOOD	facial covering context supports cheekbone sense	1
eng	boom	~	00310386-v	BAD	the boom is nominal usage, tagged to verb sense	1
eng	bought	=	02207206-v	GOOD	Bought matches obtain-by-purchase sense	1
eng	boutique	=	02277607-a	GOOD	boutique hotel fits specialized sense	1
eng	break	=	00289082-a	GOOD	broken matches physically-separated adjective	1
eng	break into	=	00289082-a	BAD	conflates phrasal verb with simple broken adjective	1
eng	break into	=	02570684-v	GOOD	broken into matches unauthorized-entry sense	1
eng	break into	~	00289082-a	GOOD	related to broken, plausible weaker relation	1
eng	bring back	=	02426799-v	GOOD	bring back matches restore/reinstate sense	1
eng	brown-nosing	=	00880978-v	GOOD	brown-nosing matches fawn/toady sense exactly	1
eng	buggy	=	01431112-a	BAD	buggy software means flawed, not absurd	1
eng	build	=	02913152-n	GOOD	build/building matches structure sense	3
eng	bury	=	00601043-v	GOOD	buried fits metaphorical immerse/absorb sense	1
eng	business	=	03349892-n	BAD	business class differs from first class	1
eng	but	=	00028797-r	GOOD	but fits contrastive however sense	7
eng	but	=	00118032-r	BAD	but how is contrastive, not consequential then	1
eng	but	=	00119139-r	GOOD	but fits however/though contrastive sense	1
eng	but	=	00615774-v	GOOD	but matches except/exclude sense, confirmed variant	1
eng	by	<	00409709-r	GOOD	by the side fits near/close sense	1
eng	by	=	00043794-r	GOOD	lost nothing by them fits from/thereof sense	1
eng	by	=	00068368-r	BAD	seized by the collar is instrumental, not forward motion	1
eng	by	=	01026095-v	BAD	preposition by mistagged as verb identify/name	1
eng	by_hand	<	00172710-n	BAD	example shows many hands, not by-hand idiom	1
eng	can	=	00001740-a	GOOD	modal can matches able sense semantically	3
eng	can	=	00306663-a	GOOD	modal can matches able/capacity sense	1
eng	can	=	02423183-v	BAD	annotator says ability sense fits better than permit	2
eng	candle	=	00621627-n	BAD	bare word does not mean effort; idiom	1
eng	cap	=	00715074-v	GOOD	capping = concluding, matches sense	1
eng	carrot cake	=	04081281-n	BAD	food dish tagged to restaurant synset	1
eng	carrée	=	00031264-n	BAD	bare word isn't group; needs partie carrée	1
eng	caseload	<	00581241-n	GOOD	caseload is specific type of workload	1
eng	casually	=	00147876-r	BAD	casually means relaxed manner, not easily	1
eng	catch up	=	01212572-v	GOOD	caught up lamp = seized/grabbed it	1
eng	ceasefire	=	13970912-n	GOOD	direct synonym of armistice/truce	1
eng	chanel	=	02024928-a	BAD	brand name, not an adjective	1
eng	char	=	07866723-n	BAD	char kway teow, not spring roll	1
eng	character	=	06357078-n	BAD	single char not ASCII character set	1
eng	character_set	=	06357078-n	GOOD	matches ASCII character set concept	1
eng	check_it_out	=	02131279-v	GOOD	check out = examine/inspect	1
eng	chef 's table	<	04379964-n	GOOD	lexicalized hyponym of table	1
eng	chill	=	00026385-v	GOOD	chill out = relax	1
eng	chill	=	01779165-v	BAD	needs MWE send chills down spine	1
eng	chomp chomp	=	04081281-n	GOOD	named food centre as eatery instance	1
eng	circumstances	=	13927383-n	BAD	annotator prefers other synset instead	1
eng	circumstances	=	13942875-n	GOOD	direct match, preferred sense	1
eng	class	=	00228294-a	UNSURE	unclear interjection use, confusing comment	1
eng	class	=	03349892-n	BAD	context is business class, not first class	1
eng	classically	=	00476807-r	GOOD	classically = traditionally, fits	1
eng	close	=	00407802-r	GOOD	sense matches closer, lemma-form note only	1
eng	close to	=	00444519-a	GOOD	close to = near, direct match	2
eng	closed-source	=	03093695-a	BAD	antonym of open-source, flagged by annotator	2
eng	clothe	=	03051540-n	BAD	clothe is verb-only, not a noun	3
eng	co-developers	<	09935434-n	GOOD	hyponym of collaborator reasonable	1
eng	co-developers	=	09815790-n	BAD	helper implies subordinate, not equal partner	1
eng	co-developers	=	09935434-n	GOOD	co-developer approx collaborator in context	1
eng	coach-	=	03055857-n	GOOD	orthographic variant of coach house	1
eng	cobbler	=	15039568-n	BAD	cobbler is a person, not shoe polish	1
eng	cohabiter	=	10188957-n	GOOD	direct synonym of housemate	1
eng	cohesively	~	14420464-n	GOOD	legit adverb-noun relation to cohesion	1
eng	collect	=	00530354-a	GOOD	calm and collected matches	1
eng	come	=	00048374-n	GOOD	coming (noun) = arrival, per comment	1
eng	come	=	01970826-v	GOOD	came down = descended	1
eng	come	=	80000678-v	GOOD	come over = begin to affect	1
eng	come over	~	01849221-v	GOOD	came over = approached/visited	1
eng	come to	~	00542120-v	GOOD	come to a conclusion = reach a state	2
eng	compensatory	~	00259643-n	GOOD	adjective relates to compensation noun	1
eng	concern	=	01515692-a	BAD	concern is noun/verb, not adjective	1
eng	consituency	=	08238156-n	GOOD	spelling variant of constituency	1
eng	continue	=	00597758-a	BAD	verb tagged to adjective continued, unconfirmed	1
eng	contributor	=	02308741-v	BAD	contributor is a noun, not verb contribute	1
eng	contributor	=	09815790-n	GOOD	matches helper/supporter sense	1
eng	contributor	~	10481268-n	GOOD	open-source contributors = programmers, per comment	1
eng	control	=	06133018-n	BAD	control file label not logic concept	1
eng	convenience	=	02459173-v	BAD	convenience (noun) not verb house/put up	1
eng	convert	=	00126264-v	GOOD	convert = alter/change, direct synonym	1
eng	copper	~	06686467-n	GOOD	copper one's bets relates to safety net	1
eng	core	<	02995345-n	GOOD	processor core is part of CPU	1
eng	craft	=	00933420-n	GOOD	crafts relate to artistic creation	1
eng	craft	=	00935005-n	GOOD	matches arts and crafts MWE	1
eng	crater	=	09304750-n	BAD	crater is hyponym of hole, not synonym	1
eng	creative	~	05633860-n	GOOD	creative relates to resourcefulness/imagination	1
eng	cross	=	00787049-v	BAD	"Bare ""cross"" lacks cross-examine sense; needs cross-question"	1
eng	cross-border	=	01038102-a	BAD	Cross-border means opposite of domestic	1
eng	crowd	=	00559690-a	BAD	"Crowd not adjective; should be ""crowded"""	1
eng	cultivate	=	01833643-a	BAD	"Verb ""cultivate"" not adjective ""cultivated"""	1
eng	cycle	=	00451370-n	BAD	"Cycle is vehicle, not the sport ""cycling"""	5
eng	cyclo	<	03599486-n	GOOD	Cyclo is lexicalized pedicab, fits rickshaw type	1
eng	dare	=	00066146-a	BAD	"Verb ""dare"" not adjective ""daring"""	1
eng	dash	=	00971933-a	BAD	"Noun/verb ""dash"" not adjective ""dashing"""	1
eng	de-industrialization	=	00923802-n	BAD	Opposite meaning of industrialization, not synonym	2
eng	dead-ends	=	14015361-n	GOOD	Dead ends matches impasse/stalemate sense	1
eng	declaration	=	00908492-n	BAD	"Code ""declarations"" not general act of creation"	1
eng	delicately	=	02227344-a	BAD	Adverb vs adjective synset mismatch	1
eng	deliver	=	02232190-v	GOOD	Deliver fits transfer/move sense	1
eng	department	=	03176763-n	BAD	"Bare ""department"" not ""department store"""	1
eng	deploy	=	01158872-v	GOOD	Deploy fits put-into-service/use sense	1
eng	deploy	~	01755816-v	GOOD	Deploy a policy fits carry-out/perform sense	1
eng	developer	<	06898352-n	BAD	Developer is a person, not a programming language	2
eng	developer	<	10010062-n	BAD	Wrong sense; comment flags software not real-estate	1
eng	developer	<	10481268-n	BAD	Should be synonym not hyponym of programmer	2
eng	developer	=	09614315-n	GOOD	Developer fits general creator sense	4
eng	developer	=	10434725-n	BAD	Developer not synonymous with pioneer/innovator	2
eng	developer	=	10481268-n	GOOD	Direct synonym of programmer, well attested	13
eng	developer	~	00250259-n	GOOD	Developer plausibly related to development act	1
eng	developer	~	10434725-n	BAD	Context is routine dev/tester, not pioneering	1
eng	did	=	01712704-v	GOOD	Inflected form of do/execute/perform	1
eng	different_from	=	01410363-a	GOOD	Matches different/unlike/dissimilar	1
eng	dig into	=	00501990-r	BAD	Verb phrase mapped as adverb synonym; wrong POS	1
eng	director-general	=	09916348-n	GOOD	Top executive title fits CEO-type sense	3
eng	do	=	00721098-v	BAD	Do not know mistagged onto confident/trust sense	1
eng	do	=	02604760-v	BAD	"Auxiliary ""did"" not synonymous with ""be"""	1
eng	do	~	00037641-r	GOOD	"Emphatic ""do"" parallels intensifier ""indeed"""	1
eng	do_it	=	00484166-v	BAD	"Compositional ""do it"" not lexicalized ""finish"""	2
eng	do_it	=	02542280-v	BAD	"Compositional pronoun phrase, not ""comply"""	2
eng	do_it	~	00521329-a	BAD	"Compositional ""did it"" not lexicalized ""accomplished"""	1
eng	dog	=	10749123-n	BAD	"Bare ""dog"" not idiom ""old dog"""	1
eng	double-	=	00102786-a	BAD	"Clemma truncated; should be ""double-edged"""	1
eng	doubt	=	00150134-r	GOOD	"Matches idiom ""no doubt"" = admittedly"	1
eng	down	=	01970826-v	BAD	Comment says hyponym but op marked as synonym	1
eng	downscaling	=	00586682-v	GOOD	Direct synonym of downsize	1
eng	drift off	=	00780575-v	UNSURE	Example doesn't clearly show digress sense	1
eng	drive away	=	01847864-a	BAD	Verb phrase mapped to adjective; POS mismatch	1
eng	drive away	=	01930874-v	GOOD	Fits drive sense of operating vehicle to leave	1
eng	driving	=	01930117-v	GOOD	Matches drive/motor travel sense	1
eng	driving force	=	09623038-n	GOOD	Idiom fits leader sense well	1
eng	drop	~	00223928-v	UNSURE	"Clemma ""drop"" vs actual phrase ""drop off"""	1
eng	dry	~	01196802-v	GOOD	Drink dry relates to finish/polish off sense	2
eng	earth	=	01317533-v	BAD	"Bare ""earth"" not idiom ""run to earth"""	1
eng	eg	=	05820620-n	BAD	"Context is proper noun, not abbreviation ""e.g."""	1
eng	ego-boosting	<	07508705-n	GOOD	Lexicalized compound related to self-esteem	1
eng	egoboo	~	14438125-n	GOOD	Jargon term fits reputation sense	1
eng	employé	=	10053808-n	GOOD	French variant spelling of employee	1
eng	end	=	15169873-n	BAD	"Bare ""end"" not ""week's end""; needs multiword"	1
eng	engagement	=	06746005-n	GOOD	Fits response/reply sense in argument context	1
eng	english sticky toffee pudding	~	00176139-r	BAD	"Dessert name mapped to adverb ""creatively"""	1
eng	enough	=	01124192-a	BAD	"Bare ""enough"" not idiom ""good enough"""	1
eng	ensue	=	00340704-v	GOOD	Matches come-about-as-consequence/result sense	1
eng	escape from	=	00624553-n	BAD	Verb phrase vs noun synset; literal escaping not strain	1
eng	establish	=	01635146-a	BAD	"Verb ""establish"" not adjective ""established"""	1
eng	esteem	=	01982957-a	BAD	"Noun/verb ""esteem"" not adjective ""esteemed"""	1
eng	etc	=	00103664-r	GOOD	Direct match with etcetera list	1
eng	ever	=	00028424-r	BAD	"Bare ""ever"" not idiom ""how ever"""	1
eng	every	=	77000099-n	BAD	"Bare ""every"" not ""everyone/every one"""	1
eng	every quarter	<	15234942-n	BAD	Compositional frequency phrase, not hyponym of quarter	1
eng	expansion	=	01955508-v	BAD	"Noun vs verb mismatch; technical ""alias expansion"" sense"	1
eng	expectations	=	05944958-n	GOOD	Plural matches expectation/prospect/outlook	1
eng	eye	=	05945642-n	GOOD	Recognized idiom sense: viewpoint/opinion	1
eng	ez-link	<	13377003-n	GOOD	EZ-Link is real hyponym of smart card	2
eng	ez-link	=	13764213-n	BAD	"Card name confused with ""top-up"" amount sense"	1
eng	fact	=	00148869-r	BAD	"Bare noun ""fact"" not adverbial ""in fact"""	1
eng	factional	=	08256968-n	BAD	"Adjective ""factional"" not noun ""party"""	1
eng	fall	=	01904120-v	BAD	"Comment says multiword ""fall back"", not bare ""fall"""	1
eng	farm	=	00453731-n	BAD	"Noun ""farm""(place) not ""farming""(occupation)"	1
eng	farm	=	00916464-n	BAD	"Noun ""farm""(place) not ""farming""(practice)"	3
eng	fate	~	02110082-v	GOOD	Met his fate fits meet/suffer sense	1
eng	feed	=	01806677-a	BAD	"Base ""feed"" not phrasal adjective ""fed up"""	1
eng	feel_like	~	05945642-n	GOOD	Feel like relates to having an opinion	1
eng	fellow-countrywoman	=	09935990-n	BAD	Means same-country not same-profession sense	1
eng	fellow-countrywoman	=	09971047-n	GOOD	Matches countrywoman definition exactly	1
eng	fetchmail	<	06568978-n	GOOD	Named program, real hyponym of computer program	27
eng	fetchpop	<	06568978-n	GOOD	Named program, real hyponym of computer program	2
eng	fetchpop	~	04175147-n	BAD	Fetchpop is a client tool, not a host/server	2
eng	few	=	01553340-a	GOOD	"Few token within ""a few minutes"" fits sense"	1
eng	fieldwork	=	00453731-n	GOOD	Agricultural fieldwork fits farming occupation context	1
eng	file-sharing	~	01083077-n	GOOD	File-sharing relates to distribution of files	1
eng	file-sharing	~	02248808-v	GOOD	File-sharing relates to accessing shared files	1
eng	fire	=	00123234-n	GOOD	"Standard sense of ""fire"" as gun discharge"	1
eng	fish	=	00454121-n	BAD	"Bare ""fish"" not occupation sense ""fishing"""	4
eng	floor	=	03463381-n	BAD	"Generic ""floor"" not specifically ""ground floor"""	1
eng	flown	=	02015598-v	GOOD	Bird flown idiom fits leave/exit sense	1
eng	flurried	=	02084252-v	GOOD	Inflected form of flurry, matches directly	1
eng	fluxing	=	14033917-n	GOOD	Gerund of flux fits state-of-uncertainty sense	1
eng	follow-the-herd	~	09964411-n	GOOD	Lexicalized compound fits copycat/imitator sense	1
eng	form	=	01633343-v	GOOD	Formed a theory fits conceive sense	1
eng	format	=	05726596-n	GOOD	Matches organization/arrangement sense	1
eng	formula	=	90000202-n	BAD	Formula mismatched with specific event name synset	1
eng	found	=	00240184-n	BAD	"Verb ""found"" not noun ""founding/foundation"""	1
eng	four-fifths	~	13737830-n	BAD	Four-fifths is not one-fifth; wrong fraction	1
eng	free-access	<	01710260-a	GOOD	Compound adjective fits free/costless hyponym	1
eng	free-access	=	02007417-v	BAD	Adjective compound mapped to verb; wrong POS/sense	1
eng	fro	~	00075161-r	GOOD	"Fro in ""to and fro"" fits backward sense"	1
eng	from	=	02679227-v	BAD	"Preposition ""from"" mapped to verb ""begin"""	2
eng	from	=	08399586-n	BAD	"Preposition ""from"" mapped to noun ""range"""	1
eng	fry	=	00326049-v	GOOD	Matches pan-fry sense directly	1
eng	fry	~	01182293-v	BAD	No pander/indulge sense evident in context	1
eng	fund	=	13365698-n	GOOD	Fund matches financial support/backing sense	1
eng	fundraising	~	02217990-v	GOOD	Gerund of fund-raise, direct match	1
eng	gain ground	=	00156601-v	GOOD	Idiom fits increase sense	1
eng	gains	=	00157462-v	GOOD	Matches gain/gather increase sense	1
eng	gateway	=	04114844-n	GOOD	Networking gateway fits router-like device sense	1
eng	generation	=	00031264-n	GOOD	Fourth generation fits group/grouping sense	1
eng	get	=	02015598-v	BAD	Get more corrections means obtain, not depart	1
eng	get	=	02107248-v	GOOD	Got criticism/mail fits receive sense	1
eng	get	=	02526085-v	GOOD	Got payoff fits achieve/attain sense	1
eng	get it	=	02238085-v	GOOD	Matches obtain/come into possession sense	1
eng	give	=	01103021-a	GOOD	Given (comment confirms) fits specific/particular sense	2
eng	give_my_talk	=	00830761-v	GOOD	Matches deliver a lecture sense	1
eng	glass in	=	03333129-n	BAD	"Comment confirms ""glass"" and ""in"" are separate words"	1
eng	glitch	=	05691144-n	GOOD	Standard synonym for unforeseen obstacle	1
eng	go	=	80000643-v	GOOD	"Custom synset matches ""went into"" explain sense"	1
eng	go	~	00427397-v	BAD	"Bare ""go"" too generic for cease-to-exist idiom"	1
eng	go back	=	00328015-n	BAD	Verb phrase mapped to noun synset; wrong POS	1
eng	go back	=	00959524-v	GOOD	Matches go-back-to-earlier-state verb sense	1
eng	go off	=	02009433-v	GOOD	Matches leave/go away sense	1
eng	go to	=	02014165-v	GOOD	Gone to town fits depart-for-someplace sense	1
eng	go_on	~	00965871-v	BAD	"Clemma missing ""record""; bare go_on isn't declare"	1
eng	go_out	~	00427397-v	GOOD	Go out independently matches cease-to-exist/extinguish	1
eng	go_to	=	00251064-v	BAD	"No clear evidence ""go to"" means evolve"	1
eng	goal	=	05981230-n	GOOD	Direct synonym of aim/objective/target	1
eng	god	<	09536058-n	BAD	Comment flags exclamative use, not literal deity	1
eng	good and	=	00047534-r	BAD	"Clemma doesn't match example text ""Besides"""	1
eng	good time	=	00059607-r	BAD	Comment flags lemmatization error	1
eng	good time	=	01123148-a	BAD	Comment flags lemmatization error	1
eng	good time	=	15245515-n	BAD	Comment flags lemmatization error	1
eng	goods	=	03076708-n	GOOD	Direct match to commodity/trade good sense	1
eng	goods	=	03748886-n	GOOD	Fits merchandise/product sense of goods	2
eng	goosepimple	=	00866606-n	GOOD	Spelling variant of goose pimple/bump	1
eng	gpss	=	90000202-n	GOOD	Acronym exactly matches named event	1
eng	grader	<	08238463-n	BAD	Grader is a person, not a class/group	1
eng	graphic	~	02736983-a	BAD	Appears to be image caption, not real usage	2
eng	great	=	07125958-n	BAD	"Bare ""great"" incomplete; actual idiom ""Great Scott"""	1
eng	great	=	76000000-x	BAD	"Clemma incomplete; actual phrase ""Great heavens"""	1
eng	great	=	80000655-x	BAD	"Clemma incomplete; actual phrase ""Great Scott"""	1
eng	greet	=	06630017-n	BAD	"Verb ""greet"" not noun ""greeting"""	1
eng	ground	=	01116585-v	BAD	"Clemma incomplete; idiom is ""hold ground"""	1
eng	ground	=	03463381-n	BAD	Ground not present in example text; mismatch	1
eng	ground	=	04610879-n	GOOD	Temple grounds fits yard/curtilage sense	1
eng	ground	~	00159889-r	BAD	"Comment flags clemma should be ""ground_up"""	1
eng	grovel	~	01315613-v	GOOD	Grovelling around for fits search/seek sense	1
eng	grubby—inelegant	=	00420650-a	BAD	Literal dirt sense wrong for software design context	1
eng	grubby—inelegant	~	00851103-a	GOOD	Matches inelegant/unrefined design sense	1
eng	guidelines	=	05901508-n	GOOD	School guidelines fit policy/plan-of-action sense	2
eng	gwpop	<	06568978-n	GOOD	Named program, real hyponym of computer program	1
eng	gymnastic	=	00433802-n	GOOD	Matches gymnastics sport sense (likely truncated -s)	1
eng	h	=	15227846-n	GOOD	Standard abbreviation for hour	1
eng	hack	<	06898352-n	BAD	Hack is a program/solution, not a language	2
eng	hackerdom	~	10155222-n	BAD	Collective term mapped to individual-person synset	1
eng	had	=	00632236-v	BAD	"Conditional auxiliary ""had"", not ""presume/assume"""	1
eng	hand	=	01215421-v	BAD	Comment shows meaning is assault, not chase-capture	1
eng	hand	=	02238085-v	GOOD	Lay hands on idiom fits obtain sense	1
eng	handclaps	=	06691989-n	GOOD	Direct match to applause/clapping	1
eng	hang up	=	01783394-v	GOOD	Hung up on fits preoccupied sense	1
eng	harts-tongue	=	11545714-n	BAD	Specific fern species, should be hyponym not synonym	1
eng	have	=	00010435-v	BAD	"Auxiliary ""have tended"" not main verb ""behave"""	1
eng	have	=	00118965-r	BAD	"Verb ""have"" mapped to adverb ""formerly""; wrong POS"	2
eng	have	=	00138611-r	GOOD	Must have idiom fits probability sense	1
eng	have	=	01188725-v	GOOD	"Have to/""having"" fits need/require sense"	4
eng	have	=	01189113-v	GOOD	Have to fits feel-need-for sense	1
eng	have	=	05805012-n	BAD	Have no idea means opposite of knowing	1
eng	have	=	09363970-n	BAD	"Modal ""had to"" mismatched with noun ""a must"""	1
eng	have	=	77000015-n	BAD	"Auxiliary verb ""Have"" not personal pronoun"	1
eng	have to	=	00121046-v	BAD	Obligation modal, not undergo/experience sense	1
eng	have to	=	00417787-r	BAD	Obligation phrase mapped to spatial adverb	1
eng	have to	=	00901547-a	GOOD	Have to matches necessity/must concept	2
eng	head	=	03504723-n	GOOD	Clipped form of headquarters fits context	1
eng	hearer	=	09626589-n	GOOD	Fits general sense-perceiver definition	1
eng	heaven	=	76000000-x	GOOD	good heavens = surprise interjection	2
eng	heel	=	02075049-v	GOOD	took to heels = fled	1
eng	heng carrot cake	=	00617422-a	BAD	stall name tagged to adjective fried	1
eng	high	=	02488118-a	BAD	bare high isn't upmarket; needs high end	1
eng	high end	=	02024928-a	GOOD	high end = luxurious, matches	1
eng	high gear	=	05058140-n	GOOD	high gear idiom = rapid pace/speed	1
eng	high spirits	=	00705498-a	GOOD	in high spirits, matches directly	1
eng	high-aged	=	01643620-a	GOOD	high-aged = old, matches	1
eng	hilltribe	<	08372411-n	GOOD	hilltribe is specific type of tribe	2
eng	hilltribes	<	08372411-n	GOOD	same as above, hyponym of tribe	2
eng	hook	=	02622234-v	GOOD	hooks = connects/links reports	1
eng	hook_directly_to	=	02622234-v	GOOD	hooks directly to = connects	1
eng	horsey	=	10185682-n	GOOD	horsey men = horse fanciers	1
eng	house	=	08277805-n	GOOD	go house/school matches academy sense	3
eng	how	=	00028424-r	BAD	generic how not concessive however sense	1
eng	ice kacang	=	04081281-n	BAD	dessert tagged to restaurant synset	1
eng	idea	<	05833840-n	BAD	redundant hyponym, target already means idea	1
eng	idea	=	05835747-n	GOOD	original ideas = concepts, fits	1
eng	ill-feeling	=	07548978-n	GOOD	direct synonym of bitterness/resentment	1
eng	imitated	=	01694263-v	GOOD	direct match of imitate	1
eng	immemorial	=	15252524-n	BAD	adjective tagged to noun phrase, needs full MWE	1
eng	in	=	00027258-r	BAD	bare in isn't anyhow, needs full MWE	1
eng	in	=	00104099-r	BAD	locative in not idiomatic at heart	1
eng	in	=	00110533-r	GOOD	in the office = inside a building	2
eng	in	=	00110815-r	UNSURE	mixed evidence for on the inside sense	4
eng	in	=	01693799-a	BAD	in this world not adjective inside	1
eng	in	=	01771535-v	BAD	function word in not verb feel/experience	1
eng	in	=	01846413-a	BAD	prepositional in not predicate adjective present	1
eng	in	=	02017299-v	BAD	unrelated to entering a harbor	1
eng	in	=	02204692-v	BAD	preposition in not verb possess	1
eng	in	=	02632167-v	BAD	preposition doesn't itself mean possess	1
eng	in	=	08588294-n	BAD	preposition in tagged to noun synset	5
eng	in	=	13943400-n	GOOD	in that case matches event/case sense	1
eng	in	=	80000001-n	BAD	meaning is at once, not within	2
eng	in this	=	15119536-n	BAD	prepositional phrase tagged as noun present	1
eng	in time	=	00021212-r	GOOD	from time to time, per comment reasoning	1
eng	in use	~	01640482-a	BAD	example shows unrelated used-to sense	1
eng	in-depth	=	01863970-a	BAD	in-depth means detailed, not broad/comprehensive	1
eng	in_order	=	00043003-r	BAD	in order to is purposive, not causal hence	1
eng	in_place	=	05199869-n	BAD	in place = established, not efficacy	2
eng	in_the_way	=	00148540-r	GOOD	matches in a way manner sense	1
eng	indiscretion	=	01549964-a	BAD	indiscretion is noun, not adjective	1
eng	indiscretion	=	04894037-n	GOOD	direct synonym of imprudence	1
eng	infant	~	09827683-n	GOOD	infant already synonym of baby	1
eng	infinity	=	01415605-a	BAD	infinity (noun) tagged to adjective limitless	1
eng	insights—to	=	05807306-n	BAD	malformed lemma merges adjacent word	1
eng	installment	~	02395782-v	GOOD	installment/installation relates to inaugurate	1
eng	interest	=	01343918-a	GOOD	example shows interesting adjective use	1
eng	intergovernmental	~	01202904-n	GOOD	adjective relates to cooperation noun	1
eng	into	=	02016523-v	BAD	bare preposition tagged to verb enter	1
eng	iron-fisted	=	02711292-a	GOOD	direct synonym of despotic	1
eng	izzit	=	00038013-r	GOOD	Singlish is it approx really/truly	1
eng	izzit	=	07125523-n	BAD	izzit is an exclamation, not synonym of it	1
eng	jishogi	<	00166172-n	BAD	jishogi is a drawn game state, not a move	2
eng	just as	=	00158309-r	GOOD	just as = exactly, matches	1
eng	just_as	=	00138060-r	GOOD	just as = similarly, matches	1
eng	just_as	=	01978532-a	BAD	just_as is not adjective for exchangeable	1
eng	kain	=	04489008-n	BAD	kain means cloth/sarong not trousers	1
eng	keen	=	00885695-a	GOOD	keen matches enthusiastic sense well	1
eng	kernel	<	08242223-n	BAD	kernel is software not group of people	1
eng	kernel	=	04377057-n	BAD	too specific a term for generic system synonym	1
eng	kernel	~	04377057-n	GOOD	kernel as OS component related to system	1
eng	kernel	~	08435388-n	GOOD	kernel branch related to system/scheme sense	2
eng	keyword	~	06286395-n	GOOD	keyword lexicalized, reasonably related to word	2
eng	kim choo 's kitchen	=	00120223-r	BAD	shop name mapped to unrelated adverb synset	1
eng	knack	=	03623448-n	BAD	knack differs from knick-knack, wrong word	2
eng	knock	=	00018526-v	BAD	knock alone is not intransitive wake up	2
eng	knock	=	00018813-v	GOOD	knock up matches cause-to-wake transitive sense	3
eng	know	=	01375174-a	BAD	example shows fame sense not certainty sense	1
eng	know	=	01376705-a	GOOD	well-known fits example and annotation	1
eng	kokusaijin	~	00127815-a	BAD	kokusaijin unrelated to following/undermentioned	1
eng	komi	<	05733221-n	GOOD	komi is lexicalized Go scoring-system term	3
eng	kway	=	07866723-n	BAD	kway means noodles, not spring roll	1
eng	large-project	~	05099231-n	BAD	freely compositional phrase, not lexicalised	1
eng	late	=	00668366-a	GOOD	late/latest matches up-to-the-minute sense	2
eng	late	~	00155488-r	GOOD	late/later related adverb sense fits	1
eng	lau pa sat	=	00614999-v	BAD	place name mapped to unrelated omit/miss verb	1
eng	leave	=	00926505-a	GOOD	left matches remaining/leftover sense	1
eng	lemak	=	07804323-n	BAD	lemak means creamy/fatty, not rice	1
eng	length	=	05124057-n	GOOD	lengths idiom matches extremes/limit sense	1
eng	leverage	=	02279772-v	GOOD	leveraged matches capitalize/take advantage	2
eng	life	=	02614387-v	BAD	noun life mismatched with verb live synset	1
eng	life	=	02616713-v	BAD	noun life mismatched with verb live synset	1
eng	lifejacket	=	03662887-n	GOOD	lifejacket direct synonym of life jacket	1
eng	lineup	=	06481320-n	UNSURE	weak fit for generic database listing sense	1
eng	lineup	=	06495000-n	GOOD	lineup matches roster of candidates well	1
eng	list	=	04565375-n	BAD	tournament lists is not a weapon	1
eng	list	=	06492811-n	GOOD	list matches mailing list exactly	1
eng	listener	~	06568978-n	GOOD	listener process is type of program	1
eng	little	=	13774404-n	GOOD	idiom quite a little means a lot	1
eng	live	=	02756129-a	GOOD	living matches pertaining to living persons	1
eng	live	=	13365286-n	GOOD	earn a living matches financial-means sense	1
eng	live in	=	02604760-v	BAD	live in suspense is not copula be sense	1
eng	locate	=	02126430-a	GOOD	located matches situated/placed sense directly	8
eng	lock	=	01348452-v	GOOD	lock matches secure-by-locking sense	1
eng	lock-and-append	=	06568978-n	BAD	technique/method, not itself a program	1
eng	loft	=	02920259-n	GOOD	loft bed matches bunk bed sense	1
eng	look	=	00690614-v	UNSURE	deem-to-be sense needs look upon/as construction	1
eng	look	=	02131777-v	GOOD	have a look matches attentive-look sense	2
eng	look	=	02167435-v	GOOD	look after matches careful-scrutiny sense	1
eng	look up	=	00096333-r	GOOD	looking up matches literal upward direction	1
eng	lose	=	00206386-r	GOOD	I am lost matches astray/without-guidance sense	1
eng	lot	=	01553629-a	GOOD	a lot idiomatically matches much/great quantity	1
eng	low voice	=	07083136-n	GOOD	low voice directly matches undertone	1
eng	made	=	00891038-v	GOOD	made sure matches assure-success sense	1
eng	mahayana buddhist	~	06240865-n	GOOD	adjective form reasonably related to Mahayana Buddhism	1
eng	mail	=	01032451-v	GOOD	mail matches communicate-electronically sense	1
eng	mail	=	06279326-n	GOOD	mail matches electronic-mail system sense	2
eng	mail	~	08463063-n	GOOD	mail related to collection-of-letters sense	3
eng	make up	=	00770437-v	BAD	made pairs with prick up, not make up	1
eng	make_it	~	02396716-v	GOOD	make it the default matches designate sense	1
eng	make_up	=	02309008-v	GOOD	made up a total matches combine/add-together sense	1
eng	man	=	09882007-n	BAD	man too general to be businessman synonym	1
eng	map	=	06209940-n	GOOD	map metaphor matches mental-landscape sense	1
eng	marm	=	09989290-n	GOOD	marm is colloquial ma'am, direct match	1
eng	marry	=	01481612-a	GOOD	married matches joined-in-matrimony sense	2
eng	mass pongal	=	02187161-a	BAD	festival name mapped to number nine, nonsensical	1
eng	mass pongal	=	15155220-n	BAD	festival name mapped to generic day, wrong	1
eng	may	=	00044353-a	BAD	modal verb may mismatched to adjective possible	2
eng	may	=	00306314-a	BAD	may confused with can/capable, wrong sense	1
eng	may	=	00802318-v	GOOD	may matches permission sense, correct POS	1
eng	may	=	01413247-a	BAD	modal verb may mismatched to adjective likely	1
eng	mean	=	00172710-n	GOOD	means matches by-no-means/way sense	2
eng	mechanism	~	05902872-n	GOOD	mechanism related to system/procedure sense	1
eng	media	=	06254669-n	GOOD	media matches communication-medium sense	2
eng	media	=	06642138-n	BAD	media is the channel, not the news itself	2
eng	meet	=	02129289-v	BAD	meet_the_eye idiom mistagged as bare meet	1
eng	men	=	09624168-n	GOOD	men matches male-person sense well	1
eng	men	=	10287213-n	GOOD	men matches adult-male sense well	2
eng	men	=	10288763-n	BAD	redundant, virile/manly connotation unsupported	1
eng	merely	=	01099707-a	BAD	adverb merely mismatched to adjective mere	1
eng	mess_with	~	02507464-v	GOOD	mess with matches bother-with sense	1
eng	mid-1996	=	00816324-a	BAD	compositional date phrase, not synonym for mid	1
eng	midst	=	00064946-r	BAD	in the midst of differs from meanwhile	1
eng	might	=	00044353-a	BAD	modal might mismatched to adjective possible	2
eng	might	=	01413247-a	BAD	modal might mismatched to adjective likely	1
eng	might	=	06689297-n	BAD	modal might mismatched to noun permission	1
eng	migration	=	00124442-v	BAD	noun migration mismatched to verb move	1
eng	mini	=	01394075-a	GOOD	mini matches miniature/small-scale sense	1
eng	minute hand	=	05564590-n	BAD	minute and hand are separate words here	1
eng	minute hand	=	15246853-n	BAD	false compound, minute and hand unrelated here	1
eng	mlle	=	06341249-n	GOOD	Mlle abbreviation matches Miss well	1
eng	mme	=	06341431-n	GOOD	Mme abbreviation matches Mrs well	1
eng	more	=	00031606-r	GOOD	any more idiom matches temporal continuation sense	1
eng	motif	=	00070641-n	BAD	clemma mismatch, text shows motive not motif	1
eng	moustached	=	02154334-a	GOOD	moustached direct spelling variant match	1
eng	moving	=	01855606-v	GOOD	moving overseas matches change-residence sense	1
eng	mr	=	06341431-n	BAD	Mr wrongly mapped to Mrs, wrong gender	1
eng	multidrop	<	05204143-n	GOOD	multidrop lexicalised as capability hyponym	2
eng	musical	=	03800933-n	BAD	musical is adjective here, not instrument noun	1
eng	must	=	00138611-r	BAD	modal must mismatched to adverb probably	3
eng	must	=	00698398-v	BAD	must means obligation, not choice/will	1
eng	must	~	09363970-n	UNSURE	context does not clearly show noun must	1
eng	nasi	=	07804323-n	GOOD	nasi directly means rice	2
eng	nasi	=	90000333-n	BAD	bare nasi overreaches into specific dish name	1
eng	native	=	05791864-n	GOOD	native protocol matches default/built-in sense	1
eng	neither_nor	=	00524607-a	GOOD	neither nor directly matches not-either sense	1
eng	nest	=	08559508-n	GOOD	nest matches home/abode metaphor	1
eng	nets	=	13764213-n	BAD	NETS is payment brand, not a top-up	1
eng	new business class	=	03349892-n	BAD	business class distinct tier from first class	1
eng	next	=	00073033-r	BAD	bare next lacks support for almost/nearly sense	1
eng	next-generation	~	13941924-n	GOOD	next-generation matches state-of-the-art sense	1
eng	ng ah sio pork ribs soup eating house	=	01411451-a	BAD	restaurant name mapped to adjective likely	1
eng	ngiam tong boon	=	00110533-r	BAD	person name mapped to unrelated adverb indoors	1
eng	nicely	=	00011093-r	GOOD	nicely directly matches well/good manner sense	1
eng	nobody	=	00007846-n	BAD	nobody negates person, not a synonym of it	1
eng	nobody	~	13740168-n	GOOD	nobody relates well to nothing/zero sense	1
eng	not bad	=	01125429-a	BAD	not bad negates bad, opposite meaning	1
eng	note-	=	06259166-n	GOOD	note-paper orthographic variant matches notepaper	1
eng	now now	=	15119919-n	BAD	two separate now tokens, not reduplicated idiom	1
eng	obi-belt	=	03438071-n	GOOD	obi-belt matches kimono sash sense	1
eng	observation	=	01204419-n	GOOD	observation of principles matches observance sense	1
eng	oct.	=	15213115-n	GOOD	Oct. abbreviation directly matches October	1
eng	off	=	02000288-v	BAD	off the trail is preposition, not verb mislead	1
eng	off	=	02014165-v	BAD	bare off is not standalone verb for depart	1
eng	off-road	~	04466613-n	GOOD	off-road adventures reasonably relates to trail	1
eng	off_the_block	=	00061203-r	GOOD	off the blocks matches subsequently/later sense	1
eng	oh	=	00865776-v	BAD	annotator flags exclamative should not be tagged	1
eng	oh	=	07102802-n	GOOD	oh is a direct example of exclamation	1
eng	oh	=	80000654-x	GOOD	oh as discourse pause matches well sense	2
eng	oh	=	80000657-x	GOOD	oh matches realization/continuation sense	1
eng	oh	~	00335768-a	BAD	certainty comes from yes I did, not oh	1
eng	oh	~	02357810-a	GOOD	oh accompanies shock/surprise context here	2
eng	on	=	00171322-r	GOOD	on the way idiom matches route sense	2
eng	on	=	00339934-v	GOOD	going on matches occur/happen sense	1
eng	on	=	01290255-v	BAD	on is locative preposition, not verb attach	1
eng	on	=	02126430-a	BAD	preposition on mismatched to adjective situated	2
eng	on	=	02604760-v	BAD	on the wrong side idiom, not plain copula be	1
eng	on	=	80000634-a	BAD	on end idiom not clearly evidenced in example	1
eng	on	~	00080169-r	UNSURE	on (contact) imprecisely related to above (elevation)	1
eng	on the side	=	08649345-n	BAD	annotator recommends splitting, not one lemma	1
eng	on_the_outside_look_in	=	00684838-v	BAD	idiom means excluded, opposite of include	1
eng	once	=	00048739-r	GOOD	at once idiom matches immediately sense	1
eng	one	=	77000099-n	GOOD	every one matches everyone/universal pronoun	1
eng	one	~	00007846-n	GOOD	one as indefinite pronoun relates to person	1
eng	one	~	05870055-n	GOOD	one matches indeterminate-person pronoun sense	1
eng	one-hundredth	=	02196107-a	BAD	ordinal 100th tagged to cardinal hundred	1
eng	only if	=	00555325-a	BAD	words not adjacent; MWE misextracted	1
eng	open	<	03093695-a	BAD	open is broader, wrong hyponym direction	2
eng	open	=	03093695-a	BAD	bare open too broad for open-source	1
eng	open	~	03093695-a	GOOD	open used as shorthand for open-source	1
eng	operate	=	03150985-a	BAD	verb operate tagged to adjective operating	1
eng	or	=	00063172-r	GOOD	or = or else, alternative consequence	3
eng	or	=	00078050-r	BAD	conjunction or not adverb conversely	1
eng	or	=	05790944-n	BAD	conjunction or not noun choice/alternative	1
eng	or	=	11410625-n	BAD	conjunction or not noun consequence	1
eng	or	=	80000958-r	GOOD	or = otherwise, or-else sense fits	1
eng	order	~	00164751-r	BAD	in order to is purposive, not contingency	1
eng	order	~	05983347-n	GOOD	in order to = for the sake of	1
eng	other	=	02070188-a	GOOD	other = alternative, matches sense	1
eng	others	=	02069355-a	GOOD	the others = other people, reasonable fit	1
eng	out	=	00045704-r	BAD	insufficient evidence for beyond sense	1
eng	out	=	01861910-a	BAD	built out = extended, not open to view	1
eng	out	=	08613593-n	GOOD	left out food = set outside	1
eng	out	~	00110659-r	GOOD	walk out on lawn = outdoors	1
eng	out	~	00233413-r	GOOD	rushed out = moving away from enclosure	1
eng	out	~	01295946-a	GOOD	open out = directed outward	1
eng	out of	=	00043794-r	GOOD	cab out of yard = originating from	1
eng	out of	=	00110659-r	GOOD	out of house = outside	1
eng	out of	=	00110919-r	GOOD	out of hiding place = to outside	1
eng	out of	=	00948514-a	GOOD	out of window = beyond bounds	1
eng	out of	=	00952653-a	BAD	adverbial phrase tagged to adjective, redundant	1
eng	out_of	=	00045704-r	BAD	insufficient evidence for beyond sense	1
eng	outcompeting	=	07354731-n	BAD	verb outcompeting not noun win/victory	1
eng	outpolled	<	01108148-v	GOOD	outpolled is hyponym of defeat	1
eng	over	<	07154330-n	BAD	over isn't a kind of idiom itself	1
eng	overhead	~	07963711-n	BAD	CS overhead unrelated to combination	1
eng	padang	=	07804323-n	BAD	padang (field) not rice, needs nasi padang	2
eng	palestinians	=	09713357-n	GOOD	direct synonym of Palestinian	1
eng	pan	=	00326049-v	GOOD	pan fried matches pan-fry	1
eng	pan	~	01182293-v	BAD	pan fried unrelated to yield/indulge	1
eng	party	=	10709131-n	GOOD	third party matches directly	2
eng	pas	=	02051694-v	BAD	misspelling of pass, not valid lemma	1
eng	passing	=	02051694-v	GOOD	passing = moving past, matches	1
eng	path	~	08616311-n	GOOD	mail_path relates to route/path concept	1
eng	pay for	=	01060746-v	GOOD	pay for = render/bestow, matches	1
eng	perform	=	01815838-a	BAD	verb perform tagged to adjective popular	1
eng	perform	=	06157326-n	GOOD	performing arts MWE, matches	1
eng	personnel	=	08212347-n	GOOD	direct synonym of workforce	5
eng	physic	<	05999797-n	BAD	physic (medicine) not physics the science	1
eng	physically	=	01778212-a	BAD	adverb physically tagged to adjective physical	1
eng	pimp	<	06568978-n	GOOD	candidate program name, hyponym of program	1
eng	pitch	=	00274068-a	BAD	bare pitch isn't dark; needs pitch dark	1
eng	plan	=	01144133-n	GOOD	plan relates to planning, close family	1
eng	play	=	01224415-v	GOOD	play the game = handle situation	1
eng	please	=	01805157-a	GOOD	pleased = experiencing pleasure, matches	1
eng	plus	=	00047534-r	GOOD	plus = additionally, matches	1
eng	plus	=	00156601-v	BAD	plus is not used as verb increase	1
eng	pop-perl	<	06568978-n	GOOD	candidate program name, hyponym of program	1
eng	popc	<	06568978-n	GOOD	candidate program name, hyponym of program	1
eng	popclient	<	06568978-n	GOOD	well-known program name, hyponym fits	17
eng	popmail	<	06568978-n	GOOD	candidate program name, hyponym of program	1
eng	positive	=	05157574-n	GOOD	positive account balance = gain/profit	1
eng	post	=	03119203-n	GOOD	trading post, historical reference matches	1
eng	post-office	<	06566077-n	BAD	confused compound decomposition, wrong target	1
eng	post-office	<	06568978-n	GOOD	candidate program name, hyponym of program	1
eng	post-office	=	00061203-r	BAD	wrong decomposition, not temporal post-	1
eng	power	=	00809343-a	BAD	noun power tagged to adjective, annotator unsure	1
eng	pray	=	02418686-v	GOOD	Singlish mispronunciation of play, per comment	2
eng	predominately	=	00161018-r	GOOD	spelling variant of predominantly	1
eng	present	=	00049220-r	GOOD	at present matches, comment about form only	1
eng	principles	=	05924920-n	GOOD	guiding principles = standards/criteria	1
eng	print	=	01103159-n	GOOD	print relates to printing business	1
eng	private	=	01861205-a	BAD	private tagged to synset meaning public	9
eng	proactively	=	00039394-a	BAD	adverb proactively tagged to adjective	1
eng	proceeding	=	01023820-n	GOOD	proceedings = course of action, matches	1
eng	proceeds	=	02684924-v	GOOD	confirmed verb sense: continues	1
eng	public school	=	08411170-n	BAD	wrong sense for nationwide govt schools context	1
eng	public school	~	08410688-n	GOOD	British public school sense, Hong Kong context	1
eng	pure	=	00750296-a	BAD	pure MTA = singular purpose, not simple	1
eng	push forward	=	02684924-v	GOOD	push forward relates to continue/proceed	1
eng	put in	~	02708420-v	GOOD	put in hours = spend time, matches	1
eng	put out	=	00444220-a	BAD	annotator's own analysis rejects this split	1
eng	put out	=	01494310-v	GOOD	put = place, endorsed by annotator reasoning	1
eng	qualifications	=	07260623-n	GOOD	qualifications = eligibility criteria/standard	1
eng	questioning	=	00787049-v	GOOD	cross-questioning matches directly	1
eng	rabbit hole	=	09230041-n	GOOD	rabbit hole = animal burrow, direct match	1
eng	rack	=	02290196-v	GOOD	racking up successes = earning/garnering	1
eng	rattle	=	01761706-v	GOOD	rattled = unsettled emotionally, matches	1
eng	re-examine	<	00644583-v	GOOD	re-examine is specific type of examine	1
eng	re-examine	<	02131279-v	GOOD	re-examined buildings = inspected again	2
eng	re-examine	=	00040365-r	BAD	verb tagged to adverb again	1
eng	re-examine	=	00644583-v	BAD	should be hyponym not direct synonym	1
eng	re-lock	=	01347678-v	GOOD	re-lock in desk = secure/put away	1
eng	re-lock	=	01348174-v	GOOD	re-lock = fasten with lock, also fits	1
eng	re-seating	=	01984902-v	GOOD	re-seating himself = sitting again	1
eng	read	=	07234881-n	GOOD	Reading performance fits public recitation sense	1
eng	realignment	=	00879540-v	BAD	Noun realignment mapped to unrelated nominate verb	2
eng	realignment	=	01084489-n	GOOD	Political realignment fits reshuffle/redistribution sense	1
eng	realignment	~	00465145-v	GOOD	Realignment reasonably relates to realign verb	1
eng	register	=	01958027-a	GOOD	Registered foreign residents fits listed/recorded sense	2
eng	relax	=	02407603-a	GOOD	Relaxed dinner fits without-strain sense	1
eng	rely	=	02663848-v	GOOD	Rely on exactly matches depend-on sense	1
eng	rely	=	02664234-v	BAD	Redundant duplicate, wrong nuance vs prior sense	1
eng	reputed	=	00689950-v	GOOD	Reputed to be fits consider/regard-as sense	1
eng	reputed	=	01982646-a	GOOD	Highly reputed fits reputable sense	1
eng	resource	=	05155123-n	BAD	Annotator notes resource is hypernym not synonym	1
eng	response	~	00717358-v	GOOD	Response reasonably relates to respond verb	1
eng	reynolds	=	03987079-n	GOOD	Metonymic painter-name-for-portrait convention fits	1
eng	ridings	<	00180962-n	BAD	Riding is a district, not an act of selecting	2
eng	right	=	00053004-r	BAD	"Fragment of ""all right"", not synonym alone"	1
eng	right	=	04092013-n	BAD	"Fragment of ""right of way"" MWE"	1
eng	right	=	77000015-n	BAD	Right is not a personal pronoun	1
eng	rip_out	=	02210855-v	BAD	"Example shows ""acquired"", not rip-out sense"	1
eng	roadmap	=	05898568-n	GOOD	Corporate roadmap fits plan/program sense	1
eng	room	=	03679712-n	BAD	Room alone isn't sitting-room sense	1
eng	round	=	13939892-n	GOOD	Round fits stage/point in a series	7
eng	round table	=	02040652-a	BAD	Literal compositional use, not an idiom	1
eng	run	=	01317533-v	BAD	Run alone isn't synonym of pursue/hunt	1
eng	run	~	00314469-n	GOOD	Sailing term reasonably relates to seafaring	1
eng	run on	=	01995549-v	GOOD	Run on fits continue/proceed sense	1
eng	run_through	=	02053190-v	GOOD	Running mail through fits pass-through sense	1
eng	s	=	06295235-n	GOOD	Plural suffix marker fits plural-form definition	1
eng	s$10	=	13746512-n	GOOD	S$10 numeral matches cardinal ten	1
eng	s$10	=	13750415-n	BAD	S$10 wrongly mapped to hundred	1
eng	s$100	=	13750415-n	GOOD	S$100 numeral matches cardinal hundred	1
eng	sail	=	00313806-n	GOOD	Sailing circles fits riding-sailboat sense	1
eng	sail	=	00314469-n	GOOD	Sailing fits work-of-sailor technical context	4
eng	samping	=	04489008-n	BAD	Sarong is not trousers, wrong garment	1
eng	save	=	00807941-v	BAD	Save here is preposition, not object-to verb	1
eng	saw	=	02129289-v	GOOD	Saw fits exact perceive-by-sight sense	1
eng	saw	=	02154508-v	BAD	Duplicate sense, same instance already covered	1
eng	saw	=	02156225-v	BAD	Metaphorical observe sense mismatches literal seeing	1
eng	scale	=	00156601-v	GOOD	Scale fits become-bigger/increase sense	1
eng	scott	=	07125958-n	BAD	"Scott alone not an interjection, needs ""Great"""	1
eng	secreting	=	01706986-a	BAD	Wrong POS, verb gerund vs adjective secret	1
eng	seismically	~	02293230-a	GOOD	Seismically derivationally relates to seismic	1
eng	self-correct	=	00199912-v	GOOD	Self-correct fits rectify/remedy sense	1
eng	self-correct	=	02794670-a	BAD	"Whole compound wrongly equated with bare ""self"""	1
eng	self-responsibility	~	04669247-n	GOOD	Self-responsibility reasonably relates to responsibility	1
eng	semi	=	00007884-r	GOOD	Semi fits partially/half adverb sense	1
eng	semi-random	<	01924316-a	GOOD	Semi-random is lexicalized hyponym of random	1
eng	send	=	01779165-v	BAD	Send alone not synonym of frighten	1
eng	send a message	=	00873682-v	GOOD	Sent a message fits notify/advise sense	1
eng	send_down	=	01779165-v	BAD	Idiom fragment, not synonym of frighten	1
eng	sendmail	<	06568978-n	GOOD	Sendmail is a specific named program	3
eng	sennichite	<	00166172-n	BAD	"Sennichite means repetition draw, not ""a move"""	2
eng	servant	=	10282672-n	BAD	Servant is broader than female-only maid sense	1
eng	service	=	00947128-n	GOOD	Service plausibly fits act-of-using sense	1
eng	service	~	01209576-n	GOOD	Servicing fits act-of-assistance sense	1
eng	set	=	08568256-n	GOOD	Bungalow setting fits context/environment sense	1
eng	seven-and-twenty	=	13749017-n	GOOD	Seven-and-twenty exactly matches cardinal 27	1
eng	sharp	=	00368663-r	GOOD	Seven sharp fits precisely/exactly sense	1
eng	sharp-cornered	=	00438909-a	GOOD	Sharp-cornered style relates to shrewd/sharp	1
eng	shepherd	=	03011162-n	BAD	"Shepherd alone, should be ""shepherds' check"" MWE"	1
eng	sherlock	=	09604451-n	GOOD	Sherlock exactly matches Sherlock Holmes character	1
eng	shochu	<	07884567-n	GOOD	Shochu is a type of alcoholic liquor	1
eng	shoguns	=	10388440-n	GOOD	Shogun fits overlord/master sense	1
eng	shut up	=	01345109-v	GOOD	Shut up a right of way fits close sense	1
eng	sing nila utama	=	01028748-v	BAD	Proper name wrongly mapped to naming verb	1
eng	singapore girl	=	10655875-n	GOOD	Singapore Girl fits airline stewardess sense	1
eng	singapore table tennis association	=	07464725-n	BAD	Organization wrongly mapped to tournament event	1
eng	single-drop	<	06355894-n	BAD	Single-drop is mail config, not code type	1
eng	singtel singapore grand prix	=	90000202-n	GOOD	Correct custom named-entity synset match	1
eng	sitting-	=	03679712-n	GOOD	Orthographic variant of sitting room	2
eng	situate	=	02126430-a	GOOD	Situate/situated fits located sense	1
eng	sizzle	=	04635482-n	GOOD	Technical sizzle fits dynamism/zing sense	1
eng	slash-and-burn	=	00586183-a	BAD	Literal farming technique, not generic destructive	2
eng	slight	=	00614999-v	GOOD	Slighted fits neglect/omit sense	1
eng	slip	=	00173338-v	GOOD	Slipping off shoes fits take-off sense	1
eng	small-lot	=	01391351-a	GOOD	Small-lot plausibly fits small/limited sense	1
eng	snapshot	~	05840650-n	GOOD	Snapshot reasonably relates to version/variant	1
eng	snark	<	06899633-n	BAD	Snark is a hostname/machine, not a language	1
eng	so long	=	01439155-a	GOOD	So long fits lengthy/prolonged duration sense	1
eng	so-called	=	02769128-a	GOOD	So-called reasonably relates to nominal naming	2
eng	some	=	02070188-a	BAD	Annotator flags as less appropriate lemma	1
eng	somerset	=	09448945-n	BAD	"Somerset is a mall name, not ""a stretch"""	1
eng	source	<	03093695-a	BAD	"Noun ""source"" mismatched to open-source adjective"	2
eng	source	=	00007347-n	GOOD	Source fits causal agent/cause sense	1
eng	source	~	03093695-a	BAD	"Noun ""source"" mismatched to open-source adjective"	1
eng	source	~	04263614-n	GOOD	Open sources fits facility/source sense	1
eng	south indian	<	02928347-a	GOOD	South Indian is valid hyponym of Indian	1
eng	spine—even	=	01779165-v	BAD	Garbled token fragment, not a real lemma	1
eng	spirit	=	07884567-n	GOOD	Home-made spirits fits alcoholic drink sense	1
eng	spring up	=	00018158-v	BAD	Sprang up is startled rising, not out-of-bed	1
eng	sprout	=	00095271-v	GOOD	Sprouted up fits develop-suddenly sense	1
eng	sprout	=	00247390-v	BAD	Sprout doesn't mean multiply, wrong duplicate sense	1
eng	squash	=	00685419-v	GOOD	Squashing plausibly fits eliminate/reject sense	1
eng	stand	=	13945919-n	GOOD	Social standing fits position/status sense	1
eng	star	=	02202047-a	BAD	"Noun ""star"" wrongly mapped to ordinal adjective"	1
eng	statehood	~	08168978-n	GOOD	Statehood derivationally relates to state	1
eng	stick	=	00161065-a	GOOD	Got stuck in snow fits caught/fixed sense	1
eng	stilt-house	<	03544360-n	GOOD	Stilt-house is a valid hyponym of house	1
eng	store	=	03176763-n	BAD	"Store alone, should be ""department store"" MWE"	1
eng	street	=	08572020-n	BAD	"Generic ""street"" mismatched to specific Fleet Street"	2
eng	strip	=	00571061-v	GOOD	Strip plausibly fits remove/take-away sense	1
eng	strong	=	00357139-r	BAD	"Adjective ""strong"" mismatched to adverb ""high"" sense"	1
eng	strong	=	01509527-a	GOOD	Strong feelings fits intense sense	1
eng	such	=	00159040-r	GOOD	Such as fits for-example sense	32
eng	such	=	02068730-a	GOOD	Such fits aforementioned/previously-mentioned sense	1
eng	such	=	07579575-n	BAD	Such wrongly mapped to main-course noun	1
eng	such	~	01104026-a	GOOD	One such fits particular/specific type sense	3
eng	support	~	01215902-n	BAD	Technical support, not financial/material support sense	1
eng	support	~	05154908-n	GOOD	Support fits aid/assistance sense	1
eng	suppose	=	01617255-a	GOOD	Supposed to fits required/under-orders sense	1
eng	surround	=	00449332-a	GOOD	Surrounding area fits encompassing sense	1
eng	swell up	=	00555084-v	GOOD	Swelled up fits increase-in-intensity sense	1
eng	table	=	00878136-v	GOOD	Table a bill fits submit/put-forward sense	1
eng	table	=	00989602-v	BAD	Wrong nuance, duplicate of submit sense	2
eng	table	=	07138085-n	BAD	No clear evidence table means discourse here	1
eng	take	=	00138508-v	BAD	"Take fragment of ""taken a turn"" idiom"	1
eng	take	=	00348422-v	BAD	Take fragment, not synonym of take-up alone	1
eng	take	=	02075049-v	BAD	"Take fragment of ""take to heels"" idiom"	1
eng	take	=	02649493-v	GOOD	Takeup fits take-up-space/time sense	1
eng	take for	=	80000825-v	GOOD	Take his departure for fits go-to custom sense	1
eng	take to	=	02075049-v	BAD	"Take to fragment, missing ""heels"""	1
eng	take up	=	01976089-v	GOOD	Took up fits pick-up/lift sense	1
eng	tape	=	04534520-n	GOOD	Video tapes fits videotape sense	12
eng	tarik	<	02186338-a	BAD	"Tarik means ""pull"", not numeral one"	1
eng	teach	=	00887081-n	GOOD	Teaching plausibly fits teaching-profession sense	1
eng	tear	=	01661804-v	BAD	Annotator flags as less appropriate lemma	1
eng	teh	<	02186338-a	BAD	"Teh means ""tea"", not numeral one"	1
eng	temporizing	=	01066163-n	GOOD	Temporizing tactics fits delaying-tactics sense	2
eng	teow	=	07866723-n	BAD	Teow (noodles) mismatched to egg/spring roll	1
eng	terabytes	=	13629482-n	GOOD	Terabytes matches TB/TiB binary lemma	1
eng	terabytes	=	13629676-n	GOOD	Terabytes matches TB decimal lemma	1
eng	test	=	00639975-n	BAD	Example about botanical study unrelated to testing	1
eng	tester	=	00007846-n	BAD	"Tester too generic as bare ""human being"""	1
eng	tester	=	02531625-v	BAD	Tester (noun) wrongly equated with test (verb)	1
eng	tester	~	02531625-v	GOOD	Tester derivationally relates to test verb	1
eng	thank	=	76000008-x	BAD	"Thank fragment of ""thank God"" idiom"	1
eng	thank	=	80000666-x	BAD	"Thank fragment of ""thank you"" idiom"	1
eng	the devil	=	05144663-n	BAD	Annotator flags devil as hypernym, not synonym	2
eng	the long bar	=	00110533-r	BAD	"Proper name ""The Long Bar"" mismatched to indoors"	1
eng	thing	=	00007846-n	GOOD	Daintiest thing fits person sense idiomatically	1
eng	things	=	06285090-n	BAD	Things mismatched to grammatical sentence sense	1
eng	things	=	06482401-n	GOOD	Such things as fits point/item sense	1
eng	things	=	07289831-n	UNSURE	"Example text doesn't clearly show ""things"""	1
eng	things	=	13927383-n	GOOD	Things fits state-of-affairs/situation sense	2
eng	though	=	80000807-r	BAD	Concessive though mismatched to conditional sense	1
eng	through	~	00762168-a	BAD	"Preposition ""through"" mismatched to route adjective"	1
eng	throw arm round	=	01424456-v	GOOD	Threw arms round fits embrace sense	1
eng	tim	=	00618944-a	BAD	"Tim alone, should be MWE ""itek tim"""	1
eng	time	=	00118965-r	BAD	"Time fragment of ""at one time"" idiom"	1
eng	time	=	15252524-n	BAD	Annotator flags as less appropriate lemma	1
eng	to	=	02020590-v	BAD	"Preposition ""to"" mismatched to arrive verb"	1
eng	toolbox	~	04452615-n	GOOD	Toolbox relates to software-toolbox metaphor	1
eng	toolkit	~	03619396-n	GOOD	Toolkit reasonably relates to kit/tools	1
eng	top	=	00453803-v	BAD	"Annotator flags ""top up"" should be one expression"	2
eng	top	=	13764213-n	BAD	"Verb ""top up"" usage mismatched to noun top-up"	1
eng	tournament	=	07456188-n	GOOD	Tournament exactly matches competition sense	25
eng	towards	=	00280853-n	BAD	"Preposition ""towards"" wrongly mapped to noun approach"	1
eng	towards	=	00878648-n	BAD	"Preposition ""towards"" wrongly mapped to noun gaze"	1
eng	towards	=	08679972-n	BAD	"Preposition ""towards"" wrongly mapped to noun direction"	1
eng	trade	=	00079398-n	GOOD	Trading fits buying/selling sense	2
eng	trade	=	03119203-n	GOOD	Trading post fits historical city-as-trade-hub sense	1
eng	train	=	00893955-n	GOOD	Training fits skill-preparation sense	3
eng	transitlink ticket office	=	13764213-n	BAD	Office name mismatched to abstract top-up amount	1
eng	trick	~	13932948-n	GOOD	Manage this trick fits challenge sense	1
eng	tuck away	=	02146790-v	GOOD	Tucked away plausibly fits hold-back/conceal sense	1
eng	turn_in	=	00878636-v	GOOD	Turn in plausibly fits submit sense	1
eng	turn_point	=	07423365-n	BAD	Turning point mismatched to unforeseen-twist sense	1
eng	twenty-some	~	00007015-r	GOOD	Twenty-some fits approximately sense	1
eng	two-hundred-year-old	=	02198302-a	BAD	Annotator flags compound should be split	1
eng	two-mast	<	03726760-n	BAD	Two-mast is a boat style, not a mast itself	1
eng	two-masted	~	03726760-n	GOOD	Two-masted derivationally relates to mast	1
eng	under	=	00739662-v	GOOD	Comes under fits classify sense	1
eng	underly	=	02664575-v	GOOD	Underly directly matches underlie	1
eng	undo	<	00523978-a	GOOD	Undone fits incomplete sense via base-form normalization	1
eng	undoubted	=	00335895-a	GOOD	Undoubted fact fits indisputable sense	1
eng	unforseen	=	00720808-v	BAD	Unforeseen is antonym of foresee, not synonym	1
eng	unify	=	01328229-a	UNSURE	Unify/unified context unclear from truncated example	1
eng	up	=	00348422-v	BAD	Up fragment, not synonym of take up	1
eng	up	=	01157517-v	BAD	Up fragment, not synonym of exhaust/consume	1
eng	up	=	01983006-v	BAD	"Up fragment of ""prick up"" idiom"	1
eng	up	=	02098680-v	BAD	"Up fragment of ""sit up"" idiom"	1
eng	up	=	13764213-n	BAD	Up fragment, POS mismatch noun vs verb usage	1
eng	up-and-coming	=	01642843-a	GOOD	Up-and-coming exactly fits rising sense	2
eng	upon	=	02487573-v	BAD	"Upon fragment of ""called upon"", preposition mismatch"	1
eng	upop	<	06568978-n	GOOD	Upop is a specific named mail program	1
eng	vacuum	=	13973059-n	BAD	Vacuum (absence) differs from anarchy (disorder)	1
eng	veil	=	02143283-v	BAD	Annotator confirms noun usage vs verb synset	1
eng	veil	=	04151940-n	GOOD	Veil fits covering/concealment noun sense	1
eng	veil	=	09262233-n	GOOD	Veil not lifted fits curtain/barrier sense	1
eng	very	=	00053004-r	BAD	"Very fragment of ""very well"" idiom"	1
eng	very	=	01099707-a	GOOD	Very phrase fits mere/nothing-more sense	1
eng	video	=	04534520-n	GOOD	Video tapes fits videotape sense	10
eng	vinegared	~	07828987-n	GOOD	Vinegared derivationally relates to vinegar	1
eng	vision	=	05980875-n	GOOD	Vision plausibly fits goal/end sense	1
eng	vizard	=	04538878-n	GOOD	Vizard fits archaic visor spelling	1
eng	wa	=	02604760-v	BAD	"Garbled token ""wa"", not real lemma ""was"""	1
eng	wait	=	10763383-n	BAD	"Wait fragment, should be ""wait staff"" MWE"	1
eng	walk over	=	01831531-v	BAD	Wrong specific sense, nontranslational vs directed motion	1
eng	wall	=	05690269-n	BAD	"Wall fragment, should be ""dead wall"" MWE"	1
eng	watered-down	=	01828242-a	GOOD	Watered-down fits weakened/weak sense	1
eng	way	=	00027258-r	BAD	"Way fragment of ""in any way"" idiom"	1
eng	way	=	01935233-v	BAD	"Noun ""way"" mismatched to verb ""head"""	1
eng	way	=	04092013-n	BAD	"Way fragment of ""right of way"" MWE"	1
eng	way	~	00152066-r	BAD	"Way fragment of ""all the way"" idiom"	1
eng	waylaid	=	01138204-v	GOOD	Waylaid exactly matches ambush/waylay sense	1
eng	wed	=	01036996-n	GOOD	Wedding boom fits marriage-ceremony sense	1
eng	well	=	00053004-r	BAD	"Well fragment of ""very well"" idiom"	1
eng	well	=	80001505-r	BAD	"Well fragment of ""as well as"" idiom"	1
eng	which	=	04125021-n	BAD	Which mismatched to unrelated safe noun	1
eng	which	=	77000079-a	BAD	Relative pronoun mismatched to determiner sense	3
eng	which	=	77000079-n	GOOD	Which/that overlap in relative-clause function	1
eng	which	=	77000084-n	BAD	"Which is not equivalent to ""where"""	1
eng	while	<	00064946-r	BAD	Wrong hyponym relation, duplicate of related tag	1
eng	while	=	02587936-a	BAD	Annotator expresses own doubt about this match	1
eng	while	=	80000823-r	GOOD	While fits during-the-time-that sense	1
eng	while	~	00064946-r	GOOD	While relates to meanwhile, temporal connection	1
eng	who	=	77000079-n	UNSURE	Who/that overlap possible but uncertain	1
eng	will	=	02604760-v	BAD	"Modal ""will"" mismatched to main verb ""be"""	1
eng	window	~	00427397-v	GOOD	"Window relates to idiom ""go out the window"""	1
eng	without	=	00024073-r	GOOD	Without fits negation sense in context	2
eng	without	=	01498084-a	BAD	"Preposition ""without"" mismatched to adjective empty"	3
eng	work time	=	00575741-n	BAD	Annotator flags compound should be split	1
eng	work time	=	15270431-n	BAD	Annotator flags compound should be split	1
eng	work up	=	00085630-a	GOOD	Worked up exactly matches emotionally-excited sense	2
eng	work up	=	02413480-v	GOOD	Worked his way up fits exert-oneself sense	1
eng	world	=	00228294-a	BAD	"World fragment of ""world class"" idiom"	1
eng	your	=	10231515-n	BAD	"Your fragment of ""your Majesty"" idiom"	1
eng	zero in	=	00722232-v	GOOD	Zero in exactly matches focus/concentrate sense	1
eng	zoukout	=	02796995-n	BAD	ZoukOut is a dance festival, not a bar	1
eng	’re	=	02603699-v	BAD	Wrong sense, descriptive copula not existential	1
eng	’re	=	02604760-v	GOOD	"’re fits descriptive copula ""be"" sense"	2
eng	’re	=	02616386-v	GOOD	’re = are = be, direct match	1
ind	& spencer marks	=	04096066-n	BAD	"Fragment of store name ""Marks & Spencer"", not ""road"""	1
ind	,6	=	00690058-a	BAD	"Fragment of decimal number ""3,6"", not ""deep"""	1
ind	1	=	13742573-n	GOOD	"List-numbering ""(1)"" genuinely denotes the number one"	1
ind	1	=	13748622-n	BAD	1 tagged but synset means twenty-four, wrong number	2
ind	1	=	15227846-n	BAD	"1 tagged but text says ""lima jam"" (five hours)"	1
ind	1 . 0	=	02198752-a	BAD	"Malformed tokenization of ""1.000"", not real lemma"	1
ind	1014	=	00743344-v	BAD	"Phone-number digits, not verb ""reach/contact"""	1
ind	11	=	03116530-n	BAD	"Time value in schedule, not ""counter"""	1
ind	11	=	04473432-n	BAD	"Time value in schedule, not ""transportation"""	1
ind	13	=	03116530-n	BAD	"Time value in schedule, not ""counter"""	1
ind	13	=	04473432-n	BAD	"Time value in schedule, not ""transportation"""	1
ind	15	=	02187793-a	GOOD	15 meter literally denotes the number fifteen	1
ind	16	=	01041968-n	BAD	"pukul 16.00 is a time, not ""prayer"""	1
ind	18 hole	<	03526805-n	BAD	Describes course size, not a type of golf hole	1
ind	1859	=	01654628-v	BAD	"Year 1859, not verb ""build/construct"""	1
ind	1950-an	=	15149763-n	GOOD	"tahun 1950-an genuinely means ""the 1950s"""	1
ind	2	=	00008007-r	BAD	"Fragment of ""2.500"", not adverb ""wholly"""	1
ind	2	=	00340273-r	BAD	"Fragment of ""2.500 kelas"", not ""first class"""	1
ind	2	=	01545777-a	BAD	"2 is cardinal number, not adjective ""bilingual"""	1
ind	2	=	02186470-a	GOOD	"House number ""2 Dickson Road"" literally means two"	1
ind	2	=	02191710-a	BAD	"Fragment of ""2.500"", not the number fifty-five"	1
ind	2	=	06794216-n	BAD	"House number ""2"", not noun ""address"""	1
ind	2	=	13743269-n	GOOD	"List-numbering ""(2)"" genuinely denotes the number two"	1
ind	2005	<	15203791-n	GOOD	tahun 2005 is a lexicalised specific year	1
ind	2005	=	02187995-a	BAD	2005 tagged but synset means seventeen, wrong number	1
ind	2009	=	00107416-r	BAD	"Year number ""2009"", not adverb ""recently"""	1
ind	23	=	02188620-a	GOOD	bar 23 kursi literally denotes the number twenty-three	1
ind	24	=	02188720-a	UNSURE	"Number ""24"" not visible in truncated example text"	1
ind	29	=	13749278-n	GOOD	Lor 29 street number literally denotes twenty-nine	2
ind	350	<	05121418-n	GOOD	kapasitas 350 orang is a specific number instance	1
ind	364	=	00789448-v	BAD	"Phone-number digits, not verb ""call/telephone"""	1
ind	4	~	06618937-n	BAD	4 Dimensi (4D) mismatched with 3-D movie synset	1
ind	55	<	05121418-n	GOOD	"Specific numeral as hyponym of generic ""number"""	1
ind	55	=	15150618-n	BAD	"55 mismatched with decade synset ""the seventies"""	1
ind	6276	=	00789448-v	BAD	"Phone-number digits, not verb ""call/telephone"""	1
ind	6354	=	00743344-v	BAD	"Phone-number digits, not verb ""reach/contact"""	1
ind	65	=	00743344-v	BAD	"Phone-number/code digits, not verb ""reach/contact"""	1
ind	65	=	00789448-v	BAD	"Country code ""(65)"", not verb ""call/telephone"""	1
ind	75	=	02193647-a	GOOD	75 musisi literally denotes the number seventy-five	1
ind	75	~	02633356-v	BAD	"Number ""75"" tagged, verb is ""beranggotakan"" not 75"	1
ind	a	=	01639714-v	BAD	"Single initial letter from a name, not verb ""design"""	1
ind	abacus	=	07892512-n	BAD	"Abacus seeds is a dish name, not ""red wine"""	1
ind	ada	=	00024073-r	BAD	"ada means ""exist"", opposite of negation"	1
ind	afrobeat	<	07064715-n	BAD	Afrobeat is not a type of rock and roll	1
ind	afrobeat	=	00919542-a	BAD	"Music genre noun tagged to adjective ""excited"""	1
ind	agar	=	00118363-r	GOOD	"agar genuinely means ""so that/in order to"""	1
ind	agar	=	01123148-a	BAD	"Annotator notes ""wrong tagging"""	1
ind	agar	=	01821266-a	BAD	"Annotator notes ""wrong tagging"""	1
ind	agen	=	10726669-n	GOOD	"agen perjalanan context matches ""travel agent"""	1
ind	air	=	01010118-v	BAD	"air means water, not verb ""declare"""	1
ind	air	=	01208797-n	BAD	"air means water, not ""thanks to"""	1
ind	air	=	03388043-n	BAD	"air alone means water, not the compound ""fountain"""	3
ind	air	=	08523483-n	BAD	"air means water, not ""center/middle"""	1
ind	airasia	=	00661824-v	BAD	"Airline proper noun, not verb ""check/examine"""	1
ind	akan tetapi	=	00028797-r	GOOD	"akan tetapi genuinely means ""however"""	1
ind	al	=	06461609-n	BAD	"al is only a name fragment/article, not ""Quran"""	1
ind	alam	=	00228294-a	BAD	"alam means nature, not adjective ""foremost"""	1
ind	alam	=	01843689-v	BAD	"alam means nature, verb ""visit"" is ""sambangi"""	1
ind	alam	=	08587174-n	BAD	"alam means nature, not noun ""reservation"""	1
ind	alam	=	08646902-n	GOOD	"alam genuinely can mean ""landscape/nature"""	1
ind	alam	=	15143864-n	GOOD	"alam (baka) context matches ""afterlife"""	1
ind	alami	=	02110220-v	GOOD	"alami (mengalami) genuinely means ""experience"""	1
ind	ancient	=	02743547-n	BAD	"Adjective ""ancient"" tagged to noun ""art"""	1
ind	ancient	~	00933420-n	BAD	"Adjective ""ancient"" tagged to noun ""art"""	1
ind	and	=	05850823-n	BAD	"English ""and"" fragment of shop name, not ""attraction"""	1
ind	andalan	=	01125154-a	GOOD	"menu andalan (signature/best) fits ""superb"""	1
ind	anggur	=	07892512-n	GOOD	"anggur merah genuinely means ""red wine"""	1
ind	ann	=	02427103-v	BAD	"Fragment of clan name ""Lam Ann"", not verb ""found"""	1
ind	ann	=	07969695-n	BAD	"Fragment of clan name ""Lam Ann"", not noun ""clan"""	2
ind	antara	=	01778990-v	BAD	"Annotator's own note: means ""include"", not ""worship"""	1
ind	antara	=	02632940-v	GOOD	"antara lain genuinely means ""include/among others"""	1
ind	anthony	=	10299250-n	BAD	"Annotator notes correct lemma should be ""pembawa acara"""	1
ind	antique	=	01835496-v	BAD	"Fragment of shop name ""Min Fang Antique House"""	1
ind	api	=	00931852-v	BAD	"api means fire, not verb ""mean/denote"""	1
ind	api	=	03348454-n	BAD	"Bare ""api"" means fire, not ""firework"" (needs ""kembang api"")"	1
ind	arab	=	03044740-a	GOOD	"Parfum Arab genuinely matches adjective ""Arabic"""	1
ind	arti	=	00931852-v	GOOD	"artinya genuinely means ""means/signifies"""	1
ind	arts	=	01028748-v	BAD	"Fragment of venue/event proper name, not verb ""call"""	1
ind	asam	=	02399014-a	GOOD	"laksa yang asam genuinely means ""sour"""	1
ind	asia	=	02743547-n	BAD	"Fragment of gallery proper name, not noun ""art"""	1
ind	asia	~	00933420-n	BAD	"Fragment of gallery proper name, not ""artistic creation"""	1
ind	asih	=	07554500-n	GOOD	welas asih lexicalised compound genuinely means mercy	1
ind	association	=	00743344-v	BAD	"Fragment of association's proper name, not verb ""reach"""	1
ind	atau	=	00270446-r	BAD	"atau means ""or"", not ""alias/a.k.a."""	1
ind	atau	~	00270446-r	BAD	"atau means ""or"", not ""alias/a.k.a."""	1
ind	au	=	01960459-n	BAD	"French ""au"" (in/with) tagged as noun ""oyster"""	1
ind	au	~	01570892-a	GOOD	"au naturel lexicalised loan phrase matches ""natural"""	1
ind	auntie	<	06339416-n	GOOD	Auntie genuinely used as respectful title/address	1
ind	ayurvedic	=	00659048-n	BAD	"Adjective ""Ayurvedic"" tagged to noun ""massage"""	1
ind	bacang	=	07702193-n	GOOD	bacang genuinely denotes a type of dumpling	1
ind	bacang	=	15162388-n	BAD	"bacang is a food, not ""festival"" itself"	1
ind	bagai	=	01410606-a	GOOD	"bagai (as/like) genuinely matches ""similar"""	2
ind	bagai	=	01824736-v	BAD	Annotator notes this lemma should not be in this synset	1
ind	bagian	=	03116530-n	BAD	"Time-schedule context, not ""counter"""	1
ind	bagian	=	08630039-n	GOOD	"bagian Singapura genuinely means ""part/region"""	2
ind	baik	=	02268133-a	UNSURE	baik...maupun construction not visible in truncated text	1
ind	baka	=	15143864-n	GOOD	alam baka lexicalised compound genuinely means afterlife	1
ind	baked	~	00319886-v	GOOD	"English loanword ""baked"" genuinely means cooked in oven"	1
ind	baku	=	02928347-a	BAD	"bahan baku means raw material, not ""Indian"""	1
ind	baku	~	02620587-v	BAD	"baku (raw/standard) not verb ""constitute"""	1
ind	barclays	=	00228294-a	BAD	"Brand/sponsor name, not adjective ""world-class"""	1
ind	barulah	=	00118032-r	GOOD	"barulah genuinely means ""then/only then"""	1
ind	bay	=	01733477-v	BAD	"Fragment of venue name ""Theatres on the Bay"""	1
ind	bebas	=	01092643-n	GOOD	perdagangan bebas lexicalised compound means free trade	1
ind	bebas	=	03044740-a	BAD	"Annotator notes ""bebas"" means ""free of"", not ""Arabic"""	1
ind	beer	=	01090335-v	BAD	brand name, unrelated to fight sense	1
ind	beer	=	01646021-a	BAD	brand name, unrelated to middle-aged sense	1
ind	beer	=	02756346-a	BAD	brand name, unrelated to local sense	1
ind	belahan	=	02268133-a	BAD	belahan alone doesn't mean both	1
ind	beluk	=	05817845-n	BAD	segmentation error from berkelok-kelok	1
ind	bentang	=	00228294-a	BAD	bentang means expanse not foremost	1
ind	bentang	=	08646902-n	GOOD	bentang alam matches landscape sense	1
ind	beragam	=	00783469-a	GOOD	beragam matches varied/wide-ranging	1
ind	beragam	=	02067719-a	GOOD	beragam matches diverse sense	1
ind	beragam	=	08398773-n	BAD	adjective tagged to noun variety synset	1
ind	beraneka-ragam	=	02975840-a	BAD	MWE should be tokenised separately	1
ind	beranggotakan	~	02633356-v	GOOD	beranggotakan fits comprise/consist	1
ind	beratap	=	04105438-n	BAD	beratap means roofed, not roof itself	1
ind	berbahan	=	02928347-a	BAD	berbahan unrelated to Indian sense	1
ind	berbahan	~	02620587-v	GOOD	berbahan fits comprise/constitute	1
ind	berbahan	~	07809096-n	GOOD	berbahan relates to ingredient derivation	1
ind	berbasis	=	01856066-a	GOOD	berbasis matches base/basal sense	1
ind	berbasiskan	=	00636888-v	GOOD	berbasiskan matches use as basis	1
ind	berbeda	=	02064745-a	GOOD	berbeda directly means different	1
ind	berbintang	~	06828389-n	BAD	berbintang means starred, not asterisk symbol	1
ind	berciri	=	04616059-n	BAD	verb form tagged to noun trait synset	1
ind	berdampingan	=	02604618-v	GOOD	berdampingan matches coexist sense	1
ind	berduaan	=	02268133-a	GOOD	berduaan fits two-together sense	1
ind	bereputasi	=	14438125-n	GOOD	bereputasi genuinely means having reputation	1
ind	bergagang	=	02028367-a	GOOD	bergagang genuinely means handled	1
ind	bergaya	=	00948670-a	BAD	bergaya untagged; internal is a different word	1
ind	bergaya	=	04928903-n	GOOD	bergaya Eropa matches style sense	1
ind	bergaya	=	05844105-n	GOOD	bergaya matches style/kind sense	1
ind	bergoyang	=	01894649-v	GOOD	bergoyang fits dance/sway sense	1
ind	bergoyang	~	01849221-v	BAD	bergoyang unrelated to come/approach	1
ind	berhenti sejenak	=	01076046-n	GOOD	berhenti sejenak matches pause/stop sense	1
ind	berhenti sejenak	=	15246853-n	BAD	phrase is verbal, wrongly tagged to moment noun	1
ind	berhubungan dengan	=	00688377-v	BAD	berhubungan dengan means contact, not trust	1
ind	beri	=	02316868-v	GOOD	beri/diberi directly matches give	1
ind	beri	~	07869775-n	BAD	beri unrelated to kebab sense	1
ind	berikut	=	00127815-a	GOOD	berikut directly matches following	1
ind	berikut:armenia	=	08375154-n	BAD	tokenisation error, berikut:armenia not one word	1
ind	berita	=	07223450-n	BAD	berita alone means news, not rumor	1
ind	berkelas	=	00228294-a	GOOD	berkelas dunia matches world-class sense	4
ind	berkelas	=	00585406-n	BAD	berkelas unrelated to facility sense	1
ind	berkelas	=	14428160-n	BAD	berkelas dunia is world-class, not grade	1
ind	berkisah	=	00953216-v	GOOD	berkisah directly matches narrate/tell	1
ind	berkonsep	=	05835747-n	GOOD	berkonsep relates to concept sense	1
ind	berlaga	<	02367363-v	GOOD	berlaga fits compete/perform hyponym	1
ind	bermain	=	03963645-n	BAD	bermain alone; MWE taman bermain needed	1
ind	berolah	=	00523513-n	BAD	truncated word, missing raga	1
ind	berpotensi	=	14482620-n	GOOD	berpotensi relates to potential sense	1
ind	bersepatu	=	01937992-v	BAD	bare bersepatu too generic, missing roda	1
ind	bersuka	~	02491851-v	GOOD	bersuka ria matches party sense	1
ind	berturut-turut	=	01733477-v	BAD	berturut-turut means consecutively, not organize	1
ind	berulang	=	00176880-r	BAD	berulang is adjective, not adverb repeatedly	1
ind	berwarna	=	00402419-a	BAD	likely truncated, missing warni	1
ind	besar	=	01555732-a	BAD	besar alone means big, not most	1
ind	besar	=	03282295-n	BAD	besar is part of embassy MWE	1
ind	bhogi	=	01028748-v	BAD	proper noun, festival day name	1
ind	biaya	=	13325505-n	BAD	biaya too general for surcharge	1
ind	bidwell	=	01639714-v	BAD	proper noun, architect's name	1
ind	bike	=	03768346-n	BAD	proper noun, part of park name	1
ind	biru’	=	00260100-a	BAD	tokenisation artifact, biru alone means blue	1
ind	bisa	<	00306314-a	BAD	bisa already listed synonym, not hyponym	1
ind	bisa	<	02366365-a	BAD	bisa unrelated to liable sense	1
ind	bisnis	=	03349892-n	BAD	business class is not first class	2
ind	blueprint	=	01028748-v	BAD	proper noun, event name	1
ind	board	=	01099951-a	BAD	proper noun, Board acronym STB	1
ind	board	=	06532330-n	BAD	proper noun, Board acronym STB	1
ind	boon	=	01666131-v	BAD	proper noun, person's name	1
ind	borneo	=	08964288-n	BAD	Borneo island broader than North Borneo/Sabah	1
ind	botolan	~	02876657-n	GOOD	botolan matches bottled sense	1
ind	bourdain	=	10299250-n	BAD	proper noun, celebrity's name	1
ind	boutique	=	05850823-n	BAD	proper noun, salon name	1
ind	bride	=	09044862-n	BAD	proper noun, venue name fragment	1
ind	buat	=	01653873-v	GOOD	buat/dibuat directly matches make	2
ind	buatan	=	00673456-a	BAD	incomplete MWE, missing tangan	1
ind	buatan	=	00674270-a	BAD	incomplete MWE, missing sendiri	1
ind	budaya	=	02872776-a	BAD	incomplete MWE, missing multi/pelbagai	1
ind	buddha	=	02924102-a	GOOD	buddha functions as Buddhist attributively	1
ind	buddha	=	06240865-n	BAD	incomplete MWE, missing Mahayana	2
ind	bugis	=	04128837-n	BAD	proper noun/ethnonym, not sailing vessel	1
ind	bugis	=	10583387-n	BAD	ethnonym tagged to generic settler sense	1
ind	bugis	=	80000385-n	GOOD	custom NE synset exactly matches Bugis	2
ind	bukit	=	08587174-n	BAD	bukit alone means hill, not reserve	1
ind	bulan	<	07622708-n	BAD	incomplete MWE, missing kue	5
ind	bulan	=	01012503-a	BAD	wrong word, typo per comment	1
ind	bulan	=	01531742-v	BAD	wrong word, dicetak not bulan	1
ind	bulan	=	07883031-n	BAD	wrong word, isi/isian not bulan	1
ind	bulan baru	=	00616532-a	BAD	annotator flagged wrong tagging	1
ind	bumbu	=	07812184-n	GOOD	bumbu directly matches spice	2
ind	bumbu	=	09698108-n	BAD	wrong word, ala means Chinese-style	1
ind	bungee	=	02919890-n	GOOD	bungee directly matches bungee cord	2
ind	butik	=	02277607-a	BAD	butik is a noun, not specialized adjective	2
ind	cagar	=	08587174-n	GOOD	cagar genuinely means reserve	1
ind	cake	=	01195299-v	BAD	proper noun, dish name fragment	1
ind	cake	=	01768724-a	BAD	proper noun, dish name fragment	1
ind	canggih	=	00412171-a	GOOD	canggih directly matches advanced	1
ind	canning	=	01733477-v	BAD	proper noun, venue name fragment	1
ind	card	=	13376643-n	BAD	incomplete MWE, missing kartu tunai	1
ind	carl’s	=	07560193-n	BAD	proper noun, restaurant name	1
ind	carrefour	=	03555426-n	BAD	proper noun brand, not generic hypermarket	1
ind	carrot	=	01195299-v	BAD	proper noun, dish name fragment	1
ind	carrot	=	01768724-a	BAD	proper noun, dish name fragment	1
ind	cash	=	13376643-n	BAD	incomplete MWE, missing kartu tunai	1
ind	celana	=	04205318-n	BAD	celana too broad, missing pendek/renang	1
ind	centre	=	02427103-v	BAD	proper noun fragment, wrong word	1
ind	centre	=	08523483-n	BAD	proper noun fragment (shopping centre name)	1
ind	cerita	=	05985602-n	BAD	incomplete MWE, missing rakyat	1
ind	championship	=	00195024-r	BAD	proper noun, marathon name fragment	1
ind	championships	=	00228294-a	BAD	proper noun fragment, kelas dunia is match	1
ind	chan	=	10780632-n	BAD	proper noun, surname not wife	1
ind	changi	=	02964782-a	BAD	proper noun place name, unrelated	1
ind	char	=	13768850-n	BAD	proper noun/dish fragment, not plate	2
ind	charted	=	00228294-a	BAD	proper noun fragment, not foremost	1
ind	chef	=	01653873-v	BAD	proper noun/title fragment, wrong word	1
ind	chef’s	<	04379964-n	BAD	incomplete MWE, missing Table	1
ind	chemistry	=	06088995-n	BAD	incomplete MWE, missing organic	1
ind	chicken	=	07861813-n	BAD	incomplete MWE, missing rice	1
ind	china	=	02964782-a	GOOD	china functions as Chinese attributively	5
ind	china	=	09698108-n	GOOD	china matches Chinese ethnicity sense	3
ind	chinatown	=	00485044-a	BAD	proper noun place, not residential	1
ind	chinatown	=	02964782-a	BAD	proper noun place, not Chinese adjective	1
ind	chinatown	=	03640988-n	BAD	proper noun unrelated to lantern	1
ind	chinatown	=	04814238-n	BAD	proper noun unrelated to grandness	1
ind	chinois	=	00668366-a	BAD	proper noun fragment, wrong word	1
ind	chinoiserie	=	00668366-a	BAD	proper noun fragment, wrong word	1
ind	chinoiserie	=	01646682-v	BAD	wrong POS, Chinoiserie is noun not inspire	1
ind	chinoiserie	=	03019535-n	GOOD	chinoiserie exactly matches art style	1
ind	chocolate	=	07603722-n	BAD	incomplete/too narrow, missing dark	1
ind	chola	=	07066659-n	BAD	proper noun, dynasty name	1
ind	chomp chomp	=	04081281-n	BAD	proper noun venue, not generic restaurant	1
ind	chong	=	02964782-a	BAD	proper noun fragment, stall name	1
ind	choo	=	09989290-n	BAD	proper noun, surname fragment	1
ind	chop	=	07667974-n	BAD	incomplete MWE, missing lamb	2
ind	chop	=	07736971-n	BAD	unrelated, chop is not truffle	1
ind	chua	=	09992837-n	BAD	proper noun surname, not daughter	1
ind	cinemas	=	06613686-n	BAD	proper noun cinema chain, wrong sense too	1
ind	cintai	=	01775164-v	GOOD	cintai/dicintai directly matches love	1
ind	cipta	=	06473168-n	BAD	incomplete MWE, missing hak	10
ind	cipta	=	06722453-n	BAD	cipta unrelated to statement sense	2
ind	citarasa	=	05715283-n	GOOD	citarasa directly matches taste sensation	1
ind	city	=	05915811-n	BAD	proper noun fragment; feng shui is elsewhere	1
ind	city	=	08523483-n	BAD	proper noun fragment; tengah is elsewhere	1
ind	club	=	00182406-v	BAD	wrong word, club is part of club soda noun	1
ind	club	=	00674607-v	BAD	proper noun suite fragment, wrong word	1
ind	club	=	07936548-n	BAD	incomplete MWE, missing soda	1
ind	club	~	02876657-n	BAD	club unrelated to bottle sense	1
ind	club™	=	00674607-v	BAD	proper noun suite fragment, wrong word	1
ind	coaster	=	04102406-n	BAD	incomplete MWE, missing roller	1
ind	cobek	=	00331514-v	BAD	wrong POS, cobek is a tool not verb	1
ind	cobek	=	01103021-a	BAD	cobek unrelated to specific sense	1
ind	cobek	=	03786901-n	GOOD	cobek directly matches mortar	1
ind	cobek	=	03919289-n	BAD	cobek is mortar, not pestle	1
ind	cobek	=	14705287-n	BAD	cobek unrelated to paste sense	1
ind	commonwealth	=	09625401-n	BAD	proper noun fragment; warga negara is match	1
ind	confectionary	=	01843689-v	BAD	proper noun shop fragment, wrong word	1
ind	connick	=	07060976-n	BAD	proper noun musician, not jazz itself	1
ind	connick	=	09762509-n	BAD	proper noun musician, not generic skilled person	1
ind	country	=	01158872-v	BAD	proper noun fragment; digunakan is match	1
ind	country	=	05718556-n	BAD	too generic/wrong, country genre not just music	1
ind	country	=	08644722-n	BAD	proper noun/genre unrelated to rural area	1
ind	creamy	=	02416285-a	GOOD	creamy directly matches creamy sense	1
ind	cup	=	00228294-a	BAD	proper noun event fragment, not foremost	1
ind	dagang	=	06851742-n	BAD	incomplete MWE, missing merek	4
ind	daging cincang	~	07650903-n	GOOD	daging cincang directly matches mince	1
ind	dahulu	=	00102736-r	GOOD	dahulu genuinely means first/before	2
ind	dalai	=	09988493-n	BAD	incomplete MWE, missing Lama	1
ind	dan	=	00117620-r	BAD	dan primarily means and, not then	2
ind	dan	~	00029367-r	GOOD	dan reasonably relates to furthermore	5
ind	dan/atau	=	02204692-v	BAD	tokenisation error, dan/atau not one lemma	1
ind	dan/atau	=	06473168-n	BAD	tokenisation error, dan/atau not one lemma	1
ind	dapat	=	00522751-v	BAD	wrong segmentation, terdapat not dapat	1
ind	dari	<	00043794-r	GOOD	dari correctly matches from	2
ind	dari	=	00043794-r	GOOD	dari correctly matches from	1
ind	dari	=	00071840-r	BAD	dari means from, not around	1
ind	dari	=	00193194-r	BAD	dari means from, not off	1
ind	dari awal	=	07290905-n	BAD	over-inclusion, awal alone is the noun	1
ind	dark	=	07603722-n	BAD	incomplete MWE, missing chocolate	1
ind	dasar	=	03463381-n	BAD	incomplete MWE, missing lantai	1
ind	data statistik	=	00102736-r	BAD	proper noun publication, unrelated to first	1
ind	data statistik	=	00484333-a	BAD	proper noun publication; non komersial is match	1
ind	data statistik	=	02269039-a	BAD	proper noun publication, unrelated to none	1
ind	data statistik	=	06391347-n	BAD	proper noun publication; salinan digital is match	1
ind	datang dari	=	02743214-v	GOOD	datang dari matches come/hail sense	1
ind	daun	=	01642843-a	BAD	incomplete MWE, missing naik	1
ind	daun	=	05750657-n	BAD	incomplete MWE, missing naik	1
ind	daya	=	04688246-n	BAD	incomplete MWE, missing tarik	1
ind	de	=	00607780-v	BAD	French particle unrelated to remember	1
ind	de	=	01779428-a	BAD	French particle; diri is the real match	1
ind	demam	=	05751173-n	GOOD	demam idiomatically matches craze/fad	1
ind	dengan	=	00417787-r	BAD	dengan means with, not by/past	1
ind	dengan	=	00782216-a	BAD	dengan unrelated to faint/vague	1
ind	dengan	~	03733547-n	GOOD	dengan reasonably expresses instrumental means	1
ind	dengan tenang	=	00155020-r	GOOD	dengan tenang reasonably matches comfortably	1
ind	dengan tenang	=	02477557-a	BAD	dengan tenang doesn't mean integrated/merged	1
ind	department	=	02064745-a	BAD	wrong word, berbeda not department	1
ind	department	=	03176763-n	BAD	incomplete MWE, missing store	2
ind	di	=	00950592-a	BAD	di too generic, tagged to specific inside sense	8
ind	di antara	=	06930804-n	BAD	di antara unrelated to Hakka dialect	1
ind	di antara	=	80001161-n	GOOD	custom synset matches di antara sense	1
ind	di bawah	=	00486157-r	GOOD	di bawah directly matches under	3
ind	di bawah	=	00950592-a	BAD	di bawah means under, not inside	2
ind	di kalangan	=	00110815-r	GOOD	di kalangan reasonably matches within group	2
ind	di kalangan	=	03024132-a	BAD	wrong word, Eurasia not di kalangan	1
ind	di rumah	=	08559508-n	BAD	likely proper noun, Rumah Bebe fragment	1
ind	di rumah	=	15142167-n	BAD	incomplete MWE missing sakit; wrong sense	1
ind	di tengah-tengah	~	08524262-n	GOOD	di tengah-tengah already listed, matches core	1
ind	diadakan	=	00029378-n	BAD	verb tagged to noun event synset	1
ind	diadakan	=	02445509-v	GOOD	diadakan matches conduct/carry on sense	1
ind	diadakan	=	06619065-n	BAD	verb tagged to noun show synset	1
ind	diadakan	~	01733477-v	GOOD	diadakan strongly matches hold/organize	3
ind	diakhiri	=	02735418-v	GOOD	diakhiri directly matches end/terminate	1
ind	diantar	=	00039916-n	BAD	diantar means deliver, opposite of fetch	1
ind	diantar	~	01951480-v	GOOD	antar=escort/send, fits deliver sense	1
ind	dibaringkan	=	01547001-v	GOOD	causative fits lie/recline sense	1
ind	dibawanya	=	08507558-n	BAD	verb dibawanya mistagged to origin/root noun	1
ind	dibawanya	=	10156831-n	BAD	verb tagged to Hakka ethnic noun, wrong	1
ind	dibawanya	~	02717102-v	GOOD	dibawanya=brought, fits carry/bring	1
ind	dickson	=	06794216-n	BAD	proper name Dickson tagged as address noun	1
ind	digelar	=	01733477-v	GOOD	digelar=held, fits hold/organize	1
ind	digelar	=	02445509-v	BAD	duplicate sense, digelar=held not conduct	1
ind	digital	=	06391347-n	BAD	digital alone != soft copy, compositional	1
ind	diilhami	=	01640550-v	BAD	diilhami=inspired, not design-create sense	1
ind	diilhami	=	01646682-v	GOOD	diilhami=was inspired, fits inspire	1
ind	dijajakan	=	02242464-v	GOOD	dijajakan=peddled/sold, fits sell	1
ind	dimensi	=	02108665-a	BAD	noun dimensi tagged to sensory adjective	1
ind	dimensi	=	02215977-a	BAD	noun dimensi tagged to multiple adjective	1
ind	dimensi	~	06618937-n	GOOD	4 dimensi context fits 3D concept	1
ind	dimiliki	=	00242006-r	BAD	dimiliki=owned, not beautifully adverb	1
ind	dimiliki	=	02204692-v	GOOD	dimiliki=owned/possessed, fits have/own	1
ind	dimiliki	=	02432530-v	BAD	dimiliki=owned, not organize sense	1
ind	dimodernisasikan	=	01876670-a	GOOD	matches modernized exactly	1
ind	dinasti	=	08158920-n	BAD	generic dinasti tagged to specific Tang dynasty	1
ind	dioseng-oseng	=	01541467-v	GOOD	stir-fry fits stir sense	1
ind	diri	=	00607780-v	BAD	diri=self, not recall/remember verb	1
ind	diri	=	00894552-n	BAD	diri=self, not practice/drill noun	1
ind	diri	=	02794670-a	GOOD	diri=self, matches self adjective sense	1
ind	disajikannya	=	01180351-v	GOOD	disajikannya=was served, fits serve	1
ind	disajikannya	=	02964782-a	BAD	disajikannya=served, not Chinese adjective	1
ind	diselenggarakan	=	01733477-v	GOOD	diselenggarakan=held/organized, fits	1
ind	disepanjang	=	04334599-n	BAD	disepanjang=along, not street noun	1
ind	ditampilkan	=	02140033-v	GOOD	ditampilkan=displayed, fits expose/exhibit	2
ind	ditebarkannya	=	01378556-v	GOOD	ditebarkannya=spread, fits distribute/spread	1
ind	dunia	=	00228294-a	BAD	dunia alone != world-class, compositional	6
ind	dunia	=	00585406-n	BAD	dunia alone != facility, compositional	1
ind	dunia	=	14428160-n	BAD	dunia alone != grade/tier, compositional	1
ind	durian”	=	00167278-a	BAD	durian nickname tagged to cute adjective	1
ind	durian”	=	07762913-n	GOOD	durian nickname fits durian fruit noun	1
ind	east	=	05750657-n	BAD	east fragment of Far East Plaza tagged fashion	1
ind	east	=	08225426-n	BAD	east fragment tagged to street noun	1
ind	ekamatra	=	02427103-v	BAD	proper name Ekamatra tagged to found verb	1
ind	ekstravaganza	=	02000968-a	GOOD	ekstravaganza used adjectivally, fits extravagant	1
ind	emporium	=	01028748-v	BAD	noun emporium tagged to name/call verb	1
ind	ensembel	=	07323922-n	BAD	Ensembel group name tagged to origin/beginning	1
ind	ensembel	=	08188235-n	GOOD	ensembel matches ensemble group sense	3
ind	eropa	=	02968325-a	GOOD	eropa=European, direct match	1
ind	eropa	=	05844105-n	BAD	eropa alone != style noun, compositional	1
ind	es	<	07611358-n	BAD	es=ice alone, not itself a frozen dessert	1
ind	es	=	00523513-n	BAD	es=ice, not sport/athletics	1
ind	es	=	09385137-n	BAD	es=ice, not shaving/sliver sense	1
ind	es	=	14915184-n	GOOD	es=ice, direct match	3
ind	esplanade	=	01721169-v	BAD	venue name Esplanade tagged to appear verb	1
ind	esplanade	=	01733477-v	BAD	venue name Esplanade tagged to hold verb	1
ind	executive	=	01653873-v	BAD	title word Executive tagged to make verb	1
ind	expo	=	05985602-n	BAD	event name Expo tagged to folklore noun	1
ind	expo	=	09350045-n	BAD	Expo tagged to Mediterranean Sea, unrelated	1
ind	express	=	04211970-n	GOOD	Express bus service fits shuttle instance	1
ind	ez-link	=	06303888-n	BAD	card name ez-link tagged to term noun	1
ind	ez-link	=	06518719-n	GOOD	ez-link card functions as ticket	1
ind	ez-link	=	07955057-n	BAD	ez-link tagged to content, wrong word	1
ind	fang	=	01835496-v	BAD	shop name fragment Fang tagged to move verb	1
ind	far	=	05750657-n	BAD	far fragment of Far East Plaza tagged fashion	1
ind	far	=	08225426-n	BAD	far fragment tagged to street noun	1
ind	fasilitas	=	00585406-n	GOOD	fasilitas=facility, direct match	1
ind	festival	=	01028748-v	BAD	noun festival tagged to name/call verb	1
ind	festival	=	01733477-v	BAD	noun festival tagged to hold verb, wrong POS	1
ind	five stars tours	=	80000115-n	GOOD	custom org synset matches company name	1
ind	foie	=	00326049-v	BAD	foie noun fragment tagged to pan-fry verb	1
ind	foie	=	07858197-n	GOOD	foie stands for foie gras dish	1
ind	forlino	=	07667974-n	BAD	dish name Forlino tagged to lamb chop noun	2
ind	forlino	=	07736971-n	BAD	dish name Forlino tagged to truffle noun	1
ind	formula	=	00674607-v	BAD	Formula One fragment tagged to choose verb	1
ind	fort	=	01733477-v	BAD	venue fragment Fort tagged to hold verb	1
ind	fountain	=	08523483-n	BAD	landmark fragment Fountain tagged to center noun	1
ind	frank	=	03022177-a	BAD	person name Frank tagged to British adjective	1
ind	fried	=	00326049-v	GOOD	fried matches pan-fry sense	1
ind	fried	=	00617422-a	GOOD	fried matches goreng, direct match	1
ind	fuchow	=	06930804-n	BAD	Fuchow dialect is not Hakka dialect	1
ind	galleria	=	02064745-a	BAD	mall zone name Galleria tagged to different adj	1
ind	gallery	=	02743547-n	BAD	gallery name fragment tagged to art noun	1
ind	gallery	~	00933420-n	BAD	gallery name fragment tagged to art creation	1
ind	games	=	00343249-n	BAD	Games fragment of Olympic Games tagged to spin	1
ind	games	=	01401772-v	BAD	Games fragment tagged to smash verb	1
ind	ganda	=	05860200-n	GOOD	ganda=double, direct match	1
ind	ganti	=	00109660-v	GOOD	ganti/diganti=change, direct match	1
ind	genderang	=	03249569-n	GOOD	genderang=drum, direct match	1
ind	geylang serai	=	90000131-n	GOOD	custom loc synset matches place name	1
ind	girl	=	10655875-n	GOOD	Singapore Girl=SIA stewardess brand	1
ind	golden	=	03032252-n	BAD	Golden Village fragment tagged to cinema noun	1
ind	golden	=	06613686-n	BAD	Golden Village fragment tagged to movie noun	1
ind	golf	=	00228294-a	BAD	golf noun tagged to world-class adjective	1
ind	gopuram	=	02118933-v	BAD	noun gopuram tagged to observe verb	1
ind	gopuram	=	80000836-n	GOOD	custom synset matches gopuram term exactly	1
ind	goto	=	02395115-a	BAD	restaurant name Goto tagged to tasty adjective	1
ind	goto	=	02965043-a	BAD	restaurant name Goto tagged to Japanese adjective	1
ind	gpss	=	00029378-n	BAD	event acronym GPSS tagged as generic event synonym	1
ind	gpss	=	13940456-n	BAD	GPSS tagged to peak/summit, unrelated	1
ind	gras	=	00326049-v	BAD	gras fragment of foie gras tagged to pan-fry verb	1
ind	gras	=	07858197-n	GOOD	gras stands for foie gras dish	1
ind	group	=	03356158-n	BAD	company name fragment Group tagged to flagship	1
ind	gtm	=	03116530-n	BAD	GTM machine tagged to counter table, mismatch	1
ind	gtm	=	06303888-n	BAD	GTM tagged to term noun, wrong	1
ind	gtm	=	06518719-n	BAD	GTM machine tagged to ticket, wrong	1
ind	gtm	=	07955057-n	BAD	GTM tagged to content noun, wrong	1
ind	guang	=	00887463-v	BAD	deity name fragment Guang tagged to dedicate verb	1
ind	guang	=	02427103-v	BAD	deity name fragment Guang tagged to found verb	1
ind	guang	=	07969695-n	BAD	deity name fragment Guang tagged to clan noun	1
ind	gulung	~	07680932-n	GOOD	gulung=rolled, fits roll/bun sense	1
ind	gunakan	=	02494923-a	GOOD	digunakan=used, direct match	4
ind	haji	=	01041968-n	BAD	Hari Raya Haji fragment tagged to prayer noun	1
ind	hak	=	06473168-n	BAD	hak alone != copyright, compositional	10
ind	hak	=	06722453-n	BAD	hak != statement, unrelated	2
ind	hakka	=	05715864-n	BAD	Hakka ethnic adj tagged to flavor noun	1
ind	halaman	=	06358900-n	BAD	halaman alone != web page, compositional	1
ind	halte	=	08517966-n	BAD	halte alone != taxi stand specifically	1
ind	hanyalah	=	00004722-r	GOOD	hanyalah=just/merely, direct match	2
ind	hanyalah	=	00061203-r	BAD	hanyalah=just, not subsequently/later	1
ind	hari	=	01041968-n	BAD	hari=day fragment tagged to prayer noun	1
ind	hari	=	07274425-n	BAD	hari=day fragment tagged to bowing noun	1
ind	hari ini	=	06185955-n	BAD	annotator flagged wrong segmentation/tagging	1
ind	hari ini	=	10099375-n	BAD	hari ini=today, not follower, tagging error	1
ind	hari ini	=	12709103-n	BAD	annotator flagged wrong tagging	1
ind	hari ini	~	07747607-n	BAD	annotator flagged wrong tagging	1
ind	harry	=	07060976-n	BAD	musician name Harry tagged to jazz noun	1
ind	harry	=	09762509-n	BAD	musician name Harry tagged to star/genius	1
ind	haruslah	=	09363970-n	BAD	annotator flagged adv not n, wrong POS	1
ind	haruslah	~	07869775-n	BAD	haruslah=must, unrelated to kebab	1
ind	heeren	=	01733477-v	BAD	mall name Heeren tagged to hold verb	1
ind	hemat	=	00935103-a	GOOD	hemat=thrifty, fits affordable/budget	1
ind	heng	=	01843689-v	BAD	shop name fragment Heng tagged to visit verb	1
ind	herman	=	11048205-n	GOOD	Herman references Hermann Hesse at hotel	1
ind	hidangan	=	01195299-v	BAD	noun hidangan tagged to taste/try verb	1
ind	hidangan	=	07579575-n	BAD	hidangan alone != main course specifically	2
ind	hidangan	=	07609840-n	BAD	hidangan alone != dessert specifically	1
ind	hidup	=	02604618-v	BAD	hidup alone != coexist, needs bersama	1
ind	hijau	=	07856270-n	BAD	annotator flagged multi-word kacang hijau needed	1
ind	hindu	=	02923745-a	GOOD	hindu, direct match	2
ind	hitam	=	03924069-n	BAD	hitam alone != record, needs piringan	1
ind	hock	=	00327145-v	BAD	fish name fragment Hock tagged to steam verb	1
ind	hoi	=	00021265-n	BAD	shop name fragment Hoi tagged to food/nutrient	1
ind	hoi	=	02396720-a	BAD	shop name fragment Hoi tagged to delicious	1
ind	hoi	=	04202417-n	BAD	shop name fragment Hoi tagged to shop noun	1
ind	honey	=	01195299-v	BAD	restaurant name Honey tagged to try/taste verb	1
ind	house	=	01835496-v	BAD	shop name fragment House tagged to move verb	1
ind	hsbc’s	=	00228294-a	BAD	HSBC fragment tagged to world-class adjective	1
ind	hujan	=	08439126-n	BAD	hujan alone != rainforest, needs hutan	3
ind	hussain	=	01654628-v	BAD	person name Hussain tagged to build verb	1
ind	hutan	=	08439126-n	BAD	hutan alone != rainforest, needs hujan	2
ind	i	=	13597444-n	GOOD	roman numeral I = first, plausible match	1
ind	icip	=	01195299-v	GOOD	icip=taste/sample, direct match	1
ind	ideal	=	05923696-n	GOOD	ideal, direct match	1
ind	ikea	=	02959720-a	BAD	brand name Ikea tagged to Swedish adjective	1
ind	imperial	=	03356158-n	BAD	company name fragment Imperial tagged to flagship	1
ind	independent	=	09625401-n	BAD	org name fragment Independent tagged to national noun	1
ind	india	=	02671780-n	BAD	India adjective tagged to accessory noun	1
ind	india	=	02928347-a	GOOD	india=Indian, direct match	3
ind	india selatan	=	02672187-v	BAD	place name India Selatan tagged to equal/match verb	1
ind	inginkan	=	01825237-v	GOOD	inginkan=want/desire, direct match	1
ind	ini	=	00107416-r	BAD	ini alone != recently, needs baru-baru	1
ind	inn	=	15245990-n	BAD	restaurant name fragment Inn tagged to meal noun	1
ind	intelektual	=	13245338-n	BAD	intelektual alone != IP, needs kekayaan	1
ind	interior	=	08588294-n	GOOD	interior, direct match	1
ind	ippudo	=	03748162-n	BAD	restaurant brand Ippudo tagged to outlet noun	1
ind	irisan	=	00661640-a	GOOD	irisan=sliced, fits sliced/chopped	1
ind	isetan	=	02064745-a	BAD	brand name Isetan tagged to different adjective	1
ind	isetan	=	03176763-n	BAD	proper name Isetan tagged as dept store synonym	1
ind	isi	~	07883031-n	GOOD	isi=filling, direct match	1
ind	island	=	09124039-n	BAD	island fragment of Long Island tagged to place	1
ind	istilahnya	=	06303888-n	GOOD	istilahnya=the term, direct match	1
ind	istilahnya	=	07955057-n	BAD	istilahnya=term, not content	1
ind	j	=	01639714-v	BAD	initial J from person name tagged to design verb	1
ind	jahat	=	02227663-a	GOOD	jahat used as slang wicked/excellent	1
ind	jam*	=	15227846-n	GOOD	jam=hour, direct match	1
ind	jambo	=	05751430-n	BAD	event name fragment Jambo tagged to retro adjective	1
ind	jarak antara	<	05084201-n	GOOD	jarak antara=distance between, fits	1
ind	jarak antara	<	05129565-n	GOOD	jarak antara=distance/gap size, fits	1
ind	jari	=	05567117-n	BAD	jari alone != fingertip, needs ujung	1
ind	jati	=	05763412-n	BAD	jati alone != identity, needs diri	1
ind	jatuh ke	=	01970826-v	BAD	annotator flagged should be related not equal	2
ind	jatuh ke	~	01970826-v	GOOD	jatuh=fall, fits descend sense as related	1
ind	jauh	=	00029985-r	GOOD	jauh as degree adverb fits further/farther	1
ind	jauh dari	=	00442361-a	GOOD	jauh dari=far from, direct match	1
ind	jauh dari	=	02248465-v	BAD	jauh dari=far from, not encounter/happen	1
ind	jiwa	=	02268133-a	BAD	jiwa alone != both, needs belahan	1
ind	jr	=	07060976-n	BAD	Jr name suffix tagged to jazz noun	1
ind	jr	=	07560193-n	BAD	Jr name fragment tagged to fast food noun	1
ind	jr	=	09762509-n	BAD	Jr name suffix tagged to star/genius	1
ind	jumping	=	02105082-v	GOOD	bungee jumping fits jump/leap sense	2
ind	jumping	=	02919890-n	BAD	jumping=verb form, not bungee cord noun	2
ind	jungkir	=	01978199-v	BAD	annotator flagged needs jungkir balik phrase	1
ind	juru	=	09963574-n	BAD	juru alone != chef, needs masak	1
ind	jurumasak	=	09963574-n	GOOD	jurumasak=chef, direct compound match	1
ind	kaanum	=	02202443-a	BAD	event name Kaanum tagged to fourth ordinal	1
ind	kacang	<	07611358-n	BAD	kacang alone != frozen dessert, needs es	1
ind	kacang	=	07856270-n	BAD	annotator flagged needs kacang merah phrase	3
ind	kacang-kacangan	=	13136556-n	GOOD	kacang-kacangan=nuts/legumes, fits nut sense	1
ind	kaffir	=	07749731-n	BAD	kaffir alone != lime, needs limau/lime qualifier	1
ind	kali	=	00176880-r	BAD	kali alone != repeatedly, needs berkali-kali	1
ind	kali	=	00331082-v	BAD	kali=time/occurrence here, not grind/mash	1
ind	kali	=	00702226-v	BAD	kali=occurrence noun, not verb time	1
ind	kali	=	00871576-n	BAD	kali=times/frequency here, not multiplication	1
ind	karena	<	00043003-r	BAD	karena=because, wrong direction vs therefore	1
ind	karena	<	00062857-r	BAD	karena=because, wrong direction vs consequently	1
ind	karena	<	09178999-n	BAD	karena=conjunction, wrong POS vs reason noun	1
ind	kartu	=	13376643-n	BAD	kartu alone != cash card, needs tunai	1
ind	kayu	=	11705052-n	BAD	kayu alone != cinnamon, needs manis	1
ind	kayuh	=	01935476-v	GOOD	kayuh=pedal, direct match	1
ind	ke	=	00085002-r	BAD	bare preposition ke too generic for elsewhere	1
ind	ke atas	=	01206318-a	GOOD	ke atas=upward, close to upper/higher position	1
ind	ke dalam	=	00950592-a	GOOD	ke dalam=into, close to inside sense	1
ind	ke dalam	=	02964782-a	BAD	annotator flagged wrong segmentation, not Chinese	1
ind	ke tempat	=	08620061-n	GOOD	ke tempat=to place, close to point/location	1
ind	keahlian memasak	=	09963574-n	BAD	keahlian memasak=cooking skill, not chef person	1
ind	keasliannya—dari	=	04783247-n	BAD	tokenisation error, two words merged with dash	1
ind	kebakaran	=	08121117-n	BAD	"means ""fire"", not ""fire department"""	1
ind	kecintaan	=	07543288-n	GOOD	kecintaan means love/affection, fits	1
ind	kekayaan	=	13245338-n	BAD	"generic ""wealth"", not ""intellectual property"" alone"	1
ind	kekenyalan	=	00843988-a	BAD	noun tagged to adjective synset, POS mismatch	1
ind	kelas	=	00228294-a	BAD	"only ""kelas dunia"" means world-class, not bare ""kelas"""	3
ind	kelas	=	00340273-r	BAD	"noun ""kelas"" tagged to adverb ""first class"""	1
ind	kelas	=	02488118-a	BAD	"only ""kelas atas"" means upmarket, not bare ""kelas"""	1
ind	kelas	=	03349892-n	BAD	context is business class, synset is first class	2
ind	kelas	=	07974025-n	GOOD	kelas used for social class sense fits	2
ind	keluarkan	=	01063049-v	GOOD	dikeluarkan = issued, matches sense	1
ind	kembali ke	=	00085002-r	BAD	"means ""return to"", not ""elsewhere"""	1
ind	kembali ke	=	02005617-v	GOOD	kembali ke = return to previous position	1
ind	kembang	=	00931852-v	BAD	artinya carries denote sense, not kembang	1
ind	kembang	=	03348454-n	BAD	kembang alone means flower, kembang api is firework	1
ind	kepiawaian	=	05640729-n	GOOD	kepiawaian means expertise/skillfulness	1
ind	ketam	=	03768346-n	BAD	proper noun, name of park	1
ind	keterangan	=	05817845-n	GOOD	keterangan = detail/information, fits	2
ind	keterangan	~	04954920-n	BAD	"means ""description/label"", not luster/splendor"	1
ind	keyakinan	=	05946687-n	GOOD	keyakinan = faith/belief, fits context	1
ind	kilasan	~	06469223-n	GOOD	kilasan already listed as synset lemma	1
ind	kim	=	02204692-v	BAD	proper noun, part of person's name	1
ind	kim	=	09989290-n	BAD	proper noun, part of person's name	1
ind	kingfisher	=	02397732-a	BAD	"Kingfisher is a beer brand, not ""spicy"""	1
ind	kingfisher	=	13766733-n	BAD	"Kingfisher is a beer brand, not ""cupful"""	1
ind	kling	=	01028748-v	BAD	proper noun, part of temple name	1
ind	klub	=	08227214-n	GOOD	klub = club, direct match	1
ind	komala villas	=	02672187-v	BAD	proper noun, restaurant name	1
ind	komersial	=	00484333-a	BAD	"missing ""non"", komersial alone means commercial"	1
ind	kontingen	<	00031264-n	GOOD	contingent is a type of group	1
ind	kontingen	=	02613672-v	BAD	"verb sense is ""lewatkan"", not kontingen"	1
ind	kovil	=	01028748-v	BAD	proper noun, part of temple name	1
ind	kriminal	=	01402763-a	GOOD	kriminal = criminal, direct match	1
ind	kuah	=	07583197-n	GOOD	kuah = broth/gravy, close to soup sense	1
ind	kue	=	01012503-a	BAD	annotator flagged as source typo error	1
ind	kue	=	01531742-v	BAD	kue is the cake, not the imprinting verb	1
ind	kue	=	07883031-n	BAD	"kue means cake, ""isi"" is the filling word"	1
ind	kunjungi	=	01843689-v	GOOD	kunjungi = visit, direct match	4
ind	kurang	=	01556913-a	GOOD	kurang = less/fewer, fits	1
ind	kursi	=	04576002-n	BAD	kursi is generic chair, kursi roda is wheelchair	1
ind	kway	=	13768850-n	BAD	kway is part of dish name, not plateful	2
ind	la	=	00607780-v	BAD	"la from French title ""de la Vie"", spurious"	1
ind	la	=	01779428-a	BAD	"la from French title ""de la Vie"", spurious"	1
ind	laga	~	00456199-n	GOOD	laga = match/contest sense fits	1
ind	lah	<	06326406-n	GOOD	lah is a genuine discourse particle	1
ind	lam	=	02427103-v	BAD	proper noun, part of clan name	1
ind	lam	=	07969695-n	BAD	proper noun, part of clan name	2
ind	lama	=	00033922-r	BAD	"only ""tak lama"" means soon, not bare ""lama"""	1
ind	lama	=	09988493-n	BAD	"tokenisation, only ""Dalai Lama"" as whole fits"	2
ind	lamb	=	07667974-n	BAD	"clemma is ""lamb"" alone, not ""lamb chop"""	1
ind	lamb	=	07736971-n	BAD	alignment error, lamb is not truffle	1
ind	lampion	=	03640988-n	GOOD	lampion = lantern, direct match	1
ind	lampion	=	04814238-n	BAD	"alignment error, lampion is not ""splendor"""	1
ind	langit	=	04233124-n	BAD	langit means sky, pencakar langit is skyscraper	1
ind	langlois	=	01653873-v	BAD	proper noun, chef's surname	1
ind	lay	=	10780632-n	BAD	"proper noun, surname, not ""wife"""	1
ind	layar	=	04128837-n	BAD	layar means sail, kapal layar is the ship	1
ind	lee	=	09989290-n	BAD	"proper noun, surname ""Lee"""	1
ind	lee	=	10780632-n	BAD	"proper noun, surname, not ""wife"""	1
ind	lemak	=	02964782-a	BAD	lemak means fatty/rich, unrelated to Chinese	2
ind	lembaran	~	04188643-n	GOOD	lembaran = sheet, fits flat artifact sense	1
ind	leng	=	09992837-n	BAD	proper noun, middle name component	1
ind	lengkapi	=	02339413-v	GOOD	dilengkapi = equipped with, fits	1
ind	les amis	=	90000216-n	GOOD	proper NE:org restaurant name, correct custom synset	8
ind	lezat	=	02395115-a	GOOD	lezat = tasty/delicious, direct match	2
ind	lihat	=	02154312-v	GOOD	dilihat = seen/spotted, fits	1
ind	lim	=	01638368-v	BAD	proper noun, part of person's name	1
ind	lim	=	09989290-n	BAD	"proper noun, surname ""Lim"""	1
ind	lim	=	09993040-n	BAD	"proper noun, surname not the word ""menantu"""	1
ind	lin	=	09992837-n	BAD	proper noun, middle name component	1
ind	link	=	00577525-n	BAD	proper noun, part of transport service name	1
ind	locator	=	06358747-n	GOOD	locator matches URL/resource locator sense	1
ind	loh	=	01638368-v	BAD	proper noun, part of person's name	1
ind	loket	=	03116530-n	GOOD	loket = counter, direct match	1
ind	loket	=	06303888-n	BAD	"alignment error, loket is not ""istilah/term"""	1
ind	loket	=	06518719-n	BAD	"loket means counter/booth, not ""ticket"""	1
ind	loket	=	07955057-n	BAD	"alignment error, loket is not ""content"""	1
ind	long	=	09124039-n	BAD	"proper noun, part of ""Long Island"""	1
ind	lord	=	00887463-v	BAD	proper noun, part of deity name	2
ind	lord	=	01410363-a	BAD	proper noun, part of deity name	1
ind	low	=	02204692-v	BAD	proper noun, part of person's name	1
ind	lunak	=	06566077-n	BAD	lunak means soft, perangkat lunak is software	4
ind	mac	=	00326049-v	BAD	"alignment error, mac is part of ""mac & cheese"""	1
ind	mac	=	07858197-n	BAD	alignment error, mac is not foie gras	1
ind	maclaren	=	01639714-v	BAD	proper noun, part of firm name	1
ind	mahayana	=	06240865-n	GOOD	mahayana directly matches Mahayana Buddhism	2
ind	maju	=	00228294-a	BAD	"annotator notes maju means ""progressive"""	1
ind	makan	=	05218899-n	BAD	perangkat is apparatus, not makan	1
ind	makan	=	07555863-n	BAD	"makan means eat/eating, not ""food"" noun sense"	1
ind	makanan halal	=	00427496-a	BAD	"phrase includes noun ""makanan"", not just adjective"	1
ind	makanan jadi	=	02297948-v	BAD	annotator flagged wrong tagging	1
ind	mal	=	05915811-n	BAD	proper noun, mall name, unrelated to feng shui	1
ind	mal	=	08523483-n	BAD	"proper noun mall name, misaligned with ""middle"""	1
ind	malam	=	01028748-v	BAD	alignment error, malam means night	1
ind	malam	=	02931417-n	BAD	malam alone means night, klub malam is nightclub	1
ind	malas	=	00327145-v	BAD	"malas is part of fish name, not verb ""steam"""	1
ind	malas	=	07775375-n	BAD	ikan is fish, malas is species modifier	1
ind	mambo	=	05751430-n	BAD	"proper noun, event name ""Mambo Jambo"""	1
ind	mamma	=	07667974-n	BAD	proper noun, part of dish name	2
ind	mamma	=	07736971-n	BAD	proper noun, part of dish name	1
ind	mancur	=	01010118-v	BAD	"alignment error, mancur is part of ""air mancur"""	1
ind	mancur	=	01208797-n	BAD	"alignment error, unrelated to ""thanks to"""	1
ind	mancur	=	03388043-n	BAD	"only ""air mancur"" means fountain, not bare mancur"	3
ind	mancur	=	08523483-n	BAD	"alignment error, mancur is not ""middle"""	1
ind	manis	=	11705052-n	BAD	manis means sweet, kayu manis is cinnamon	1
ind	mantan	=	01729819-a	GOOD	mantan = former, direct match	1
ind	marathon	=	00195024-r	BAD	proper noun, part of marathon event name	1
ind	marathon	=	00228294-a	BAD	kelas dunia carries sense, not the sport name	1
ind	mari	~	00771490-v	GOOD	"mari already listed as lemma, fits ""let"""	1
ind	mariamman	=	01028748-v	BAD	proper noun, part of temple name	1
ind	marina bay	=	90000217-n	GOOD	proper NE:loc place name, correct custom synset	1
ind	market	=	02735688-n	BAD	proper noun, part of shopping centre name	1
ind	masak	=	09963574-n	BAD	"only ""juru masak"" means chef, not bare masak"	1
ind	masing	=	00494409-a	BAD	"only reduplicated ""masing-masing"" carries sense"	2
ind	masing	=	10378780-n	BAD	masing-masing means respective, not operator	1
ind	mass	=	02402425-n	BAD	proper noun, part of event name	1
ind	masuk	=	03290771-n	BAD	"annotator notes should be mwe ""gerbang masuk"""	1
ind	melalui	~	00478634-r	GOOD	melalui = through, direct match	1
ind	melayu-indonesia	=	02972194-a	GOOD	compound covers Indonesian sense	1
ind	melayu-indonesia	=	03083069-a	GOOD	compound covers Malay sense	1
ind	melesat	=	01208738-a	BAD	"melesat means dart/move fast, not ""advanced"""	1
ind	melesat	=	02058994-v	GOOD	melesat = move fast/speed, direct match	1
ind	melesat	=	02061495-v	GOOD	melesat = dash/dart, direct match	1
ind	mencicipi	=	02194286-v	GOOD	mencicipi = taste/savor, direct match	1
ind	mencurigakan	=	01916229-a	GOOD	mencurigakan = suspicious, close to questionable	1
ind	menggelar	=	01733477-v	GOOD	menggelar = hold (an event), fits	1
ind	menggemparkan	<	07064715-n	BAD	verb tagged as hyponym of noun music genre	1
ind	menggemparkan	=	00919542-a	BAD	causative verb, means exciting not excited	1
ind	menginginkan	=	01825237-v	GOOD	menginginkan = want/desire, direct match	1
ind	mengkhususkan	=	02446164-v	GOOD	mengkhususkan diri = specialize, direct match	1
ind	menjadi dua	=	02186470-a	BAD	verb phrase tagged to plain numeral adjective	1
ind	menjadi dua	=	02627363-v	BAD	"context is splitting in two, not ""amount to"""	1
ind	menjadi kebiasaan	=	00121214-v	BAD	"means ""become a habit"", not ""take turns"""	1
ind	menyolok	=	00168039-a	GOOD	menyolok = conspicuous/showy, fits	1
ind	menyolok	~	00402855-a	GOOD	menyolok = vivid/eye-catching color, fits	1
ind	merah	=	07856270-n	BAD	"annotator notes should be mwe ""kacang merah"""	2
ind	merah	=	07892512-n	BAD	"only ""anggur merah"" means red wine, not bare merah"	1
ind	merek	=	06851742-n	GOOD	merek used generically for trademark/brand mark	4
ind	merek dagang	=	06851742-n	GOOD	merek dagang = trademark, direct match	1
ind	merupakan	=	02964782-a	BAD	"merupakan means ""to be/constitute"", not Chinese"	1
ind	meski	<	00119139-r	BAD	synonym of meskipun, wrong operator for hyponym	1
ind	meski	=	00119139-r	GOOD	meski = though/even though, direct match	2
ind	min	=	01835496-v	BAD	proper noun, part of shop name	1
ind	mint	=	07819166-n	GOOD	mint = the herb, direct match	1
ind	mint	=	13152742-n	BAD	"mint is not generic ""leaf/foliage"""	1
ind	mintalah	=	00752493-v	GOOD	mintalah = please ask, fits	1
ind	minum	=	02796995-n	BAD	"minum means ""to drink"" (verb), not ""bar"" (noun)"	1
ind	mohamed	=	02126430-a	BAD	proper noun, part of road name	1
ind	mosaic	=	01733477-v	BAD	proper noun, festival name	1
ind	mountain	=	03768346-n	BAD	proper noun, part of park name	1
ind	muruga	=	00887463-v	BAD	proper noun, part of deity name	1
ind	musik	=	01733477-v	BAD	proper noun context, festival name	1
ind	musik	=	03800933-n	BAD	musik means music, alat musik is instrument	1
ind	naik	=	01642843-a	BAD	"only idiom ""naik daun"" means rising/prominent"	1
ind	naik	=	05750657-n	BAD	"verb ""naik"" tagged to noun ""fashion"", mismatch"	1
ind	nan jauh	=	01434717-a	GOOD	"nan jauh is lexicalised phrase meaning ""far"""	1
ind	nasi	=	02964782-a	BAD	nasi means rice, unrelated to Chinese	2
ind	nasi	=	04751305-n	BAD	"nasi means rice, ""variasi"" is the diversity word"	1
ind	nations	=	00228294-a	BAD	proper noun, part of event name	1
ind	nature	=	08587174-n	BAD	proper noun, part of park/reserve name	1
ind	naturel	=	01960459-n	BAD	"naturel is French ""in natural state"", not oyster"	1
ind	naturel	~	01570892-a	GOOD	"au naturel relates to ""natural"" sense"	1
ind	negara	=	08997801-n	BAD	"only ""negara Singa"" means Singapore, not bare negara"	1
ind	negara	=	09625401-n	BAD	"only ""warga negara"" means national, not bare negara"	1
ind	netball	=	00228294-a	BAD	proper noun context, part of sports list	1
ind	ngiam	=	01666131-v	BAD	proper noun, person's name	1
ind	nihl	=	00789448-v	BAD	"NIHL is an acronym, not the verb ""call"""	1
ind	nila	=	02154312-v	BAD	proper noun, part of person's name	1
ind	nila	=	10472799-n	BAD	proper noun, part of person's name	1
ind	nomor	=	13582013-n	GOOD	nomor = number, direct match	1
ind	nonya”	=	01028748-v	BAD	Nonya is a noun (term), not a naming verb	1
ind	ocean	=	00228294-a	BAD	proper noun, part of event name	1
ind	of	=	08523483-n	BAD	"English word ""of"", unrelated to center/middle"	1
ind	of	=	09625401-n	BAD	"English preposition ""of"", not ""national"""	1
ind	olah	=	00029378-n	BAD	"fragment of ""olahraga"", not ""event"" alone"	1
ind	olah	=	00523513-n	BAD	"fragment of ""olahraga"", not bare ""olah"""	14
ind	olah	=	06487395-n	BAD	"misalignment, ""kalender"" is the calendar word"	1
ind	olah	=	10677713-n	BAD	"misalignment, ""pedukung"" is the supporter word"	1
ind	olah	=	14006945-n	BAD	"fragment of ""olahraga"", not bare ""olah"""	1
ind	olah	~	00456199-n	BAD	"fragment of ""olahraga"", laga already covers game"	1
ind	oleh	=	00417787-r	GOOD	oleh = by (passive agent marker), fits	2
ind	oleh	=	03610270-n	BAD	"only reduplicated ""oleh-oleh"" means souvenir"	1
ind	olympic	=	00343249-n	BAD	proper noun, part of event name	1
ind	olympic	=	01401772-v	BAD	proper noun, part of event name	1
ind	on	=	01733477-v	BAD	"English word ""on"", part of venue name"	1
ind	one	=	00674607-v	BAD	proper noun, part of package/suite name	1
ind	open	=	00228294-a	BAD	proper noun, part of event name	1
ind	operatornya	=	10378780-n	GOOD	operatornya = the operator, direct match	1
ind	organic	=	06088995-n	GOOD	"matches ""Organic Chemistry"" term directly"	1
ind	out	=	07887634-n	BAD	proper noun, part of pub name	1
ind	pada	=	00043794-r	BAD	generic preposition, annotator doubts the mapping	1
ind	pada	=	00061203-r	BAD	"pada means ""at/regarding"" here, not ""afterward"""	1
ind	pada	=	01651196-a	BAD	"pada is locative preposition, not ""on/operating"""	2
ind	padang	=	04751305-n	BAD	"padang is place name, ""variasi"" means diversity"	1
ind	paddock	=	00674607-v	BAD	proper noun, part of suite/package name	1
ind	padukan	~	00452512-v	GOOD	"padukan already a lemma, loosely fits ""fill"""	1
ind	padukan	~	00771490-v	BAD	"padukan means combine, not ""let"""	1
ind	painted	=	09044862-n	BAD	proper noun, part of theatre venue name	1
ind	pakai	=	00052374-v	GOOD	"dipakai = worn, fits ""be dressed in"""	1
ind	pakain	=	03051540-n	GOOD	typo for pakaian, matches clothing sense	1
ind	paket	=	01845229-v	BAD	"paket is a noun, not the verb ""tour"""	1
ind	paket	~	01110274-n	GOOD	"paket already a lemma, fits ""package deal"""	2
ind	pan	=	00326049-v	BAD	"only ""pan fried"" is the verb, not bare ""pan"""	1
ind	pandang	=	00877127-n	GOOD	dipandang = looked at, fits looking sense	1
ind	pang	=	02964782-a	BAD	proper noun, part of stall name	1
ind	para	=	02269635-a	BAD	"para is plural marker, not ""each"" distributive"	1
ind	para	~	06399995-n	BAD	false cognate, para is plural marker not paragraph	3
ind	park	=	00228294-a	BAD	proper noun, part of attraction name	1
ind	park	=	01733477-v	BAD	proper noun, part of venue name	1
ind	park	=	03768346-n	BAD	proper noun, part of park name	1
ind	pasca	=	00127296-a	GOOD	pasca means post-/after, matches sense	1
ind	patisserie	=	01653873-v	BAD	patisserie is job-title fragment, not verb make	1
ind	payoh	=	00343249-n	BAD	Payoh is part of place name Toa Payoh	1
ind	payoh	=	01401772-v	BAD	Payoh is part of place name Toa Payoh	1
ind	pemadam	=	08121117-n	BAD	pemadam alone means extinguisher, needs kebakaran	1
ind	pemanjaan	=	01073241-n	GOOD	pemanjaan=indulging/pampering matches well	1
ind	pembawa	=	10299250-n	BAD	pembawa alone means carrier, needs acara	1
ind	pemberitaan	=	01617192-v	BAD	noun pemberitaan tagged to verb make sense	1
ind	pemberitaan	=	06681177-n	GOOD	pemberitaan=news reporting matches	1
ind	pemerintah	=	00024073-r	BAD	government word tagged to negation synset	1
ind	pemerintah	=	08050678-n	GOOD	pemerintah=government matches	2
ind	pemerintahan	=	13992738-n	BAD	generic government vs specific self-government mismatch	1
ind	pencakar	=	04233124-n	BAD	pencakar is fragment of pencakar langit	2
ind	pendek	=	04205318-n	BAD	pendek is adjective short, not noun shorts	1
ind	pengamalan	=	00894552-n	BAD	practice/implementation sense, not repetition drill	1
ind	peninggalan	=	05669797-n	GOOD	peninggalan=heritage matches	1
ind	pennick	=	03022177-a	BAD	Pennick is a surname, not adjective British	1
ind	penusuk	=	04227900-n	GOOD	penusuk=skewer matches derivation	1
ind	perahu	=	04128837-n	BAD	perahu is generic boat, not specifically sail-powered	1
ind	peranakan	=	15245990-n	BAD	Peranakan is ethnic/proper noun, not meal	1
ind	perang dunia	=	01312096-n	GOOD	matches WWII in context (perang dunia 2)	1
ind	perangkat	=	06566077-n	BAD	perangkat alone is fragment, needs lunak	4
ind	perdagangan	=	01092643-n	BAD	perdagangan alone is fragment, needs bebas	1
ind	perdagangan	=	03119203-n	BAD	trade (abstract) vs store (concrete) mismatch	1
ind	pereira	=	01049210-a	BAD	Pereira is a surname, not adjective lucky	1
ind	pereira	=	03024132-a	BAD	Pereira is a surname, not adjective Eurasian	1
ind	pereira	=	09963574-n	BAD	Pereira is a surname, not noun chef	1
ind	pernak-pernik	=	03430959-n	GOOD	pernak-pernik=trinkets/paraphernalia matches	1
ind	persatuan	=	01238424-n	BAD	political union vs commercial merger mismatch	1
ind	pertunjukan	=	06157326-n	BAD	pertunjukan alone is fragment, needs seni	1
ind	pesan	=	02498320-v	GOOD	pesan=order/book/reserve matches	1
ind	pesanlah	=	00745499-v	GOOD	pesanlah=order! imperative matches	1
ind	pesepeda	=	09986189-n	GOOD	pesepeda=cyclist matches	1
ind	pesepeda	=	10334009-n	BAD	pesepeda means cyclist, not motorcyclist	1
ind	philippe	=	01653873-v	BAD	Philippe is a person's name, not verb make	1
ind	pihak	=	10709131-n	BAD	pihak alone is fragment, needs ketiga	2
ind	pikiran	=	03574004-n	BAD	pikiran alone is fragment, needs buah	1
ind	piringan	=	03924069-n	BAD	piringan alone is fragment, needs hitam	1
ind	plaza	=	04202417-n	GOOD	plaza used as loanword for mall/shop	1
ind	plaza	=	05750657-n	BAD	plaza is place-name fragment, not fashion	1
ind	plaza	=	08225426-n	BAD	plaza is place-name fragment, not street	1
ind	point	=	02257370-v	BAD	Point is shop-name fragment, not exchange	1
ind	pong	=	02204692-v	BAD	Pong is surname fragment, not possess	1
ind	pongal	=	01028748-v	BAD	Pongal is festival name, not verb name/call	1
ind	pongal	=	02202443-a	BAD	annotator-flagged source typo error	1
ind	pongal	=	02402425-n	BAD	Pongal is festival name, not cattle	1
ind	portrait	=	00668366-a	BAD	Portrait is name of art collection, not latest	1
ind	pos	=	03119203-n	BAD	pos alone doesn't specifically mean retail store	1
ind	pramusaji	=	10763383-n	GOOD	pramusaji=waiter matches	1
ind	pribadi	=	04617562-n	GOOD	pribadi=personality/persona matches context	1
ind	prive	=	00975487-a	BAD	Prive is restaurant name, not adjective chic	1
ind	puaskan	~	01816431-v	GOOD	puaskan=satisfy matches related sense	1
ind	pub	=	07887634-n	BAD	pub (place) mismatched with lager (beer type)	1
ind	pula	=	00047534-r	GOOD	pula=also/besides matches	1
ind	pulau	=	01843689-v	BAD	pulau=island noun, not verb visit; place fragment	1
ind	pun	~	00047534-r	GOOD	pun=too/also particle matches	1
ind	putih’	=	02555954-a	BAD	putih alone is fragment, needs kerah	1
ind	quentin	=	01049210-a	BAD	Quentin is first name, not adjective lucky	1
ind	quentin	=	03024132-a	BAD	Quentin is first name, not adjective Eurasian	1
ind	quentin	=	09963574-n	BAD	Quentin is first name, not noun chef	1
ind	qur’an	=	06461609-n	GOOD	Qur'an directly matches Quran synset	1
ind	r	=	01639714-v	BAD	R is an initial letter, not verb design	1
ind	race	=	00228294-a	BAD	race mismatched fragment, not world-class	1
ind	raga	=	00029378-n	BAD	raga is fragment of olah raga, not event	1
ind	raga	=	00523513-n	BAD	raga alone is fragment, not standalone sport	16
ind	raga	=	06487395-n	BAD	raga is fragment of olah raga, not calendar	1
ind	raga	=	10677713-n	BAD	annotator-flagged source type error	1
ind	raga	=	14006945-n	BAD	raga is fragment of olah raga, not activity	1
ind	raga	~	00456199-n	BAD	raga is fragment of olah raga, not game	1
ind	rakyat	=	05718935-n	BAD	rakyat alone doesn't mean music generically	1
ind	rakyat	=	05839024-n	BAD	likely confusion with similar word ragam	1
ind	rakyat	=	05985602-n	BAD	rakyat alone is fragment, needs cerita	1
ind	rakyat	=	07060167-n	BAD	rakyat alone is fragment, needs musik	1
ind	rantang	=	02773838-n	BAD	rantang=tiffin carrier, not suitcase for clothes	1
ind	rantang	~	02883344-n	GOOD	rantang as container/box relation fits	1
ind	rapat	=	08307589-n	GOOD	rapat=meeting matches	1
ind	rasa	=	10107303-n	BAD	rasa mismatched with founder sense	1
ind	raya	=	01041968-n	BAD	raya=grand, fragment of Hari Raya, not prayer	1
ind	rebusan	=	00616822-a	GOOD	rebusan=boiled/stewed matches	1
ind	red	=	07892512-n	BAD	red is fragment of loanword red wine	1
ind	rempah”	=	07812184-n	GOOD	rempah=spice matches, confirmed by comment	1
ind	rendang	=	02396720-a	BAD	rendang is dish name, not adjective delicious	1
ind	rendang	=	07663592-n	BAD	rendang isn't specifically beef	1
ind	rendang	=	07823951-n	GOOD	rendang closest available match to curry dish	1
ind	renyah	=	01201693-v	BAD	renyah=crispy adjective, not verb crunch	1
ind	repot	=	00748795-a	GOOD	repot=troublesome matches	1
ind	republic	=	04202417-n	BAD	Republic is proper-noun fragment, not shop	1
ind	reserve	=	08587174-n	GOOD	reserve matches literal reserved-district sense	1
ind	resource	=	06358747-n	BAD	resource alone doesn't specifically mean URL	1
ind	rias	=	03714235-n	GOOD	rias relates to makeup/adornment root sense	3
ind	rice	=	07861813-n	BAD	rice is fragment of chicken rice dish	1
ind	rinngan	=	07577374-n	BAD	ringan is adjective light, fragment of makanan ringan	1
ind	road	=	02126430-a	BAD	Road is street-name fragment, not situated	1
ind	road	=	06794216-n	BAD	Road is street-name fragment, not address	1
ind	roda	=	01937992-v	BAD	roda=wheel noun, fragment of sepatu roda	1
ind	roda	=	04576002-n	BAD	roda alone is fragment, needs kursi	1
ind	roll	~	07680932-n	BAD	cabbage roll differs from bread roll sense	1
ind	roller	=	04102406-n	BAD	roller alone is fragment, needs coaster	1
ind	roof	=	06088995-n	BAD	ROOF is bar-name pun, not organic chemistry	1
ind	roof	=	08663774-n	GOOD	roof matches literal rooftop loanword sense	1
ind	ruang	=	03200701-n	BAD	ruang alone is fragment, needs makan	1
ind	ruangan	=	08497294-n	BAD	room (specific) vs region/country (broad) mismatch	1
ind	ruangan	=	08652970-n	GOOD	ruangan=space/room matches	1
ind	rumah	=	04081281-n	BAD	rumah alone is fragment, needs makan	1
ind	rumahan	=	01039460-a	GOOD	rumahan=home-style matches	1
ind	rupa	=	01639714-v	BAD	rupa is fragment of idiom sedemikian rupa	1
ind	rupa	=	01754737-v	BAD	rupa is fragment of idiom sedemikian rupa	1
ind	s$1	=	13742573-n	GOOD	S$1 numeral matches one/single	1
ind	s$10	=	13746512-n	GOOD	S$10 numeral matches ten	1
ind	s$100	=	13750415-n	GOOD	S$100 numeral matches hundred	1
ind	s$8	=	00228294-a	BAD	S$8 (money) mistagged as world-class	1
ind	saat anda	=	01123148-a	BAD	annotator-flagged wrong tagging	1
ind	saat anda	=	01821266-a	BAD	annotator-flagged wrong tagging	1
ind	saat anda	=	01982957-a	BAD	annotator-flagged wrong tagging	1
ind	sai	=	00021265-n	BAD	proper-noun fragment (coffee shop name)	1
ind	sai	=	02396720-a	BAD	proper-noun fragment (coffee shop name)	1
ind	sai	=	04202417-n	BAD	proper-noun fragment (coffee shop name)	1
ind	said	=	03574004-n	BAD	Said is a surname, not brainchild	1
ind	saksikanlah	=	02128653-v	GOOD	saksikanlah=watch/witness matches	1
ind	salah	=	00687523-v	BAD	salah is fragment of salah satu, not doubt	1
ind	salah	=	01666131-v	BAD	salah is fragment of salah satu, not concoct	1
ind	salah	=	05870055-n	BAD	salah is fragment of salah satu, not one	6
ind	salinan	=	06391347-n	BAD	salinan alone is fragment, needs digital	1
ind	salon	=	05850823-n	BAD	Salon is proper-noun fragment, not attraction	1
ind	sambangi	=	01233156-n	GOOD	sambangi=visit matches	1
ind	sang	=	02154312-v	BAD	Sang is honorific title, not verb spot/spy	1
ind	sang	=	10472799-n	BAD	Sang is honorific marker, not literally prince	1
ind	sang nila utama	=	11252222-n	BAD	wrong historical figure; Raffles is British, not this	1
ind	sangha	=	06185955-n	BAD	sangha=monastic community, not doctrine/teaching	1
ind	santanlah	=	01856066-a	BAD	santan is noun coconut milk, not adjective base	1
ind	santanlah	=	07840672-n	GOOD	santanlah=coconut milk root matches	1
ind	satu	=	00008007-r	BAD	satu confused with unrelated wholly sense	1
ind	satu	=	00340273-r	BAD	satu is fragment of kelas satu	1
ind	satu	=	02191710-a	BAD	satu (one) mistagged as fifty-five	1
ind	sbs	=	00404110-a	BAD	SBS is company acronym, not vibrant	1
ind	sebaik	=	00188057-r	GOOD	sebaik(nya)=best/sensible matches	1
ind	sebaik	=	01661289-a	GOOD	sebaik mungkin=as best as possible matches	1
ind	sedang	=	01642843-a	BAD	sedang is aspect marker, not rising	1
ind	sedang	=	05750657-n	BAD	sedang is aspect marker, not fashion noun	1
ind	sedangkan	=	00028797-r	GOOD	sedangkan=however matches	1
ind	sedangkan	=	00065184-r	BAD	wrong specific sense; meanwhile vs however	1
ind	sedap-sedapan	=	01843689-v	BAD	sedap-sedapan is noun delicacies, not verb visit	1
ind	sedap-sedapan	=	07557165-n	GOOD	sedap-sedapan=delicacy/treat matches	1
ind	sedemikian	=	01639714-v	BAD	sedemikian is fragment of idiom, not design	1
ind	sedemikian	=	01754737-v	BAD	sedemikian is fragment of idiom, not cut	1
ind	sedikitpun	=	02267686-a	GOOD	sedikitpun fits negative-polarity any/whatever sense	1
ind	seeds	=	07892512-n	BAD	annotator-flagged, seeds unrelated dish name	1
ind	segelas	=	13766733-n	GOOD	segelas=a glassful matches cupful	1
ind	segeralah	=	00048739-r	GOOD	segeralah=immediately matches	1
ind	sehat	=	01170243-a	GOOD	sehat=healthy matches	1
ind	sejak	<	00043794-r	BAD	temporal since vs spatial thence mismatch	1
ind	sejauh	=	05084201-n	GOOD	sejauh=distance/extent matches	2
ind	sejenis	=	05844881-n	GOOD	sejenis=kind/type matches species reasonably	1
ind	sejumlah	=	01552419-a	BAD	sejumlah means 'a number of', not numerous	1
ind	sekian	=	01552802-a	BAD	annotator-flagged multi-word expression issue	1
ind	selatan	=	01605081-a	GOOD	selatan=south/southern matches	1
ind	seluk	=	05817845-n	BAD	seluk is fragment of seluk-beluk	1
ind	seluncur	=	01936753-v	GOOD	seluncur=skate root matches	1
ind	seluncur	=	02848806-n	BAD	seluncur mismatched; pisau means blade, not seluncur	1
ind	semarak	=	00119006-a	GOOD	semarak=vibrant/lively matches	1
ind	semarak	=	00804695-a	GOOD	semarak=lively matches	1
ind	semarak	=	02280969-a	GOOD	semarak=vibrant matches	1
ind	semarak	=	04814238-n	GOOD	semarak=grandness noun sense matches	1
ind	sembari	=	02923745-a	BAD	annotator-flagged: sembari means while, not Hindu	1
ind	sembari	=	05718935-n	BAD	annotator-flagged: sembari means while, not music	1
ind	sendiri	=	00674270-a	BAD	sendiri alone is fragment, needs buatan	1
ind	sendiri	=	13992738-n	BAD	sendiri alone mismatched with self-government	1
ind	seni	=	00935005-n	GOOD	seni=art loosely matches arts and crafts	1
ind	seni	=	06157326-n	BAD	seni alone is fragment, needs pertunjukan	1
ind	seni rupa	=	06156968-n	GOOD	seni rupa=fine arts matches directly	1
ind	senpaga	=	02204472-a	BAD	Senpaga is temple-name fragment, not nineteenth	1
ind	sentuhan	=	04931428-n	GOOD	sentuhan=touch/signature matches	1
ind	sentuhan	=	05642553-n	GOOD	sentuhan=touch/deftness matches	1
ind	sepak	=	00468480-n	BAD	sepak alone is fragment, needs bola	1
ind	sepenuh	=	00010466-r	GOOD	sepenuh(nya)=fully matches	1
ind	seperti	=	01410606-a	GOOD	seperti=like/similar matches	6
ind	seperti itu	=	01410606-a	GOOD	seperti itu=like that matches similar sense	1
ind	seperti itu	=	77000080-a	GOOD	custom demonstrative synset fits itu component	1
ind	seporsi	=	07578363-n	GOOD	seporsi=a serving/portion matches	1
ind	sepuas	=	00588797-a	GOOD	sepuas(nya) root puas=satisfied matches	2
ind	sepuas	=	02490877-v	BAD	sepuas mismatched; rayakan means celebrate, not sepuas	1
ind	sepupu	<	05695806-n	GOOD	sepupu as metaphorical counterpart fits context	1
ind	serangkaian	=	08457976-n	GOOD	serangkaian=a series of matches	1
ind	serbu	<	00010466-r	BAD	serbu=attack/swarm, not fully/to the full	1
ind	seringkali	=	00059547-r	GOOD	seringkali=often matches	1
ind	serta	=	00047534-r	GOOD	serta=besides/also matches	1
ind	serta	=	00219389-a	BAD	serta is conjunction, not adjective glorious	1
ind	serta	=	02434976-v	GOOD	serta as root of join/participate verb fits	1
ind	seru	=	00429949-n	GOOD	seru(nya)=fun/excitement matches	1
ind	seru	=	01357342-a	GOOD	seru=exhilarating/stimulating matches	1
ind	seru	=	02450256-v	BAD	serunya is noun/adj, mistagged as verb participate	1
ind	sh	=	03116530-n	BAD	SH is unclear abbreviation, not clearly counter	1
ind	shah	=	01654628-v	BAD	Shah is royal title, not verb build/construct	1
ind	shui	=	05915811-n	BAD	shui alone is fragment, needs feng	1
ind	sia	=	02690081-n	GOOD	SIA=Singapore Airlines acronym matches airline	1
ind	sia	=	08434259-n	BAD	SIA (airline) mismatched with network sense	1
ind	siang	=	00100082-r	BAD	siang means later here, opposite of early	1
ind	siapkan	=	01930512-a	BAD	siapkan is verb prepare, not adjective ready	1
ind	silkair	=	02408977-a	BAD	SilkAir is proper noun, not adjective regional	1
ind	sin	=	00021265-n	BAD	proper-noun fragment (coffee shop name)	1
ind	sin	=	02396720-a	BAD	proper-noun fragment (coffee shop name)	1
ind	sin	=	04202417-n	BAD	proper-noun fragment (coffee shop name)	1
ind	singa	=	08997801-n	BAD	singa=lion, fragment of negara Singa metaphor	1
ind	singapore	=	00195024-r	BAD	Singapore proper-noun fragment, not regularly	1
ind	singapore	=	00228294-a	BAD	Singapore proper-noun fragment, not world-class	2
ind	singapore	=	00743344-v	BAD	Singapore proper-noun fragment, not contact	1
ind	singapore	=	01028748-v	BAD	Singapore proper-noun fragment, not name/call	1
ind	singapore	=	01099951-a	BAD	Singapore proper-noun fragment, not specific	1
ind	singapore	=	06532330-n	BAD	Singapore proper-noun fragment, not law	1
ind	singapore	=	10655875-n	BAD	Singapore mistagged as stewardess sense	1
ind	singapore tourism board	=	00108913-r	BAD	STB tagged to unrelated adverb sense	1
ind	singapore tourism board	=	00494409-a	BAD	wrong POS, annotator flags MWE issue	1
ind	singapore tourism board	=	10378780-n	BAD	org name mistagged as operator noun	1
ind	singapura”	=	08997487-n	GOOD	correct name for country Singapore	1
ind	singlish	<	06947032-n	GOOD	Singlish is lexicalised variety of English	3
ind	sinilah	=	08489497-n	GOOD	sinilah means here, matches present location	1
ind	sir	=	11252222-n	BAD	generic title not specific to Raffles	1
ind	sisi	=	05850624-n	GOOD	sisi matches facet/aspect sense	2
ind	sk-ii	=	00665781-n	BAD	brand name mistagged as facial treatment	1
ind	sk-ii	=	03506370-n	BAD	brand name mistagged as spa	1
ind	skate	=	00228294-a	BAD	park name token wrongly tagged world-class	1
ind	sky	=	00674607-v	BAD	suite name wrongly tagged as choose	1
ind	slide/kaset	=	13245338-n	BAD	physical medium not intellectual property	1
ind	slide/kaset	=	13791389-n	BAD	wrong word mapped to connection sense	1
ind	smrt	=	00577525-n	BAD	company name mistagged as generic service	1
ind	soda	=	00182406-v	BAD	noun soda tagged to verb add	1
ind	soda	=	07936548-n	GOOD	soda matches soda water sense	1
ind	soda	~	02876657-n	BAD	soda mistagged as bottle	1
ind	som	=	03574004-n	BAD	person name mistagged as brainchild	1
ind	soon	=	00327145-v	BAD	fish name mistagged as steam verb	1
ind	spesifik	=	01103021-a	GOOD	spesifik matches specific	1
ind	spesifik	=	06845599-n	BAD	adjective wrongly tagged to brand noun	1
ind	sri	=	02204472-a	BAD	honorific title mistagged as nineteenth	1
ind	stadium	=	00343249-n	BAD	stadium mistagged as spin	1
ind	stadium	=	01401772-v	BAD	stadium mistagged as smash	1
ind	stamford	=	11252222-n	GOOD	Stamford is part of Raffles's name	1
ind	standard	=	00228294-a	BAD	unrelated English word mistagged world-class	1
ind	states	=	09625401-n	BAD	org name mistagged as national noun	1
ind	stik	=	03446070-n	GOOD	stik golf colloquially means golf club	1
ind	store	=	02064745-a	BAD	store mistagged as different	1
ind	store	=	03176763-n	GOOD	store matches department store	2
ind	street	=	01028748-v	BAD	noun street tagged to verb name	1
ind	subramaniam	=	00887463-v	BAD	deity name mistagged as devote	1
ind	suites	=	00674607-v	BAD	suite name mistagged as choose	2
ind	sultan	=	01654628-v	BAD	title/name mistagged as build	1
ind	sultan	=	02126430-a	BAD	road name component mistagged as located	1
ind	suntec	=	05915811-n	BAD	mall name mistagged as feng shui	1
ind	suntec	=	08523483-n	BAD	mall name mistagged as center	1
ind	swan	=	01639714-v	BAD	firm name mistagged as design verb	1
ind	t2	=	03116530-n	BAD	terminal name mistagged as counter	1
ind	t2	=	04473432-n	BAD	terminal instance not transport system word	1
ind	t3	=	03116530-n	BAD	terminal name mistagged as counter	1
ind	t3	=	04473432-n	BAD	terminal instance not transport system word	1
ind	table	<	04379964-n	BAD	redundant hyponym of identical word	1
ind	table	=	00743344-v	BAD	association name mistagged as contact	1
ind	tahu	~	12532168-n	GOOD	tofu plausibly related to soybean plant	1
ind	tahun	=	15150618-n	BAD	generic word year tagged to specific decade	1
ind	tak	=	00033922-r	BAD	negator alone mistagged as soon, needs MWE	1
ind	tak terkalahkan	=	02526124-a	GOOD	matches invincible/unassailable sense	1
ind	taksi	=	08517966-n	BAD	taxi vehicle mistagged as taxi stand	1
ind	taman	=	03963645-n	BAD	generic taman too broad for playground	1
ind	tamasya	=	00311809-n	GOOD	matches excursion/pleasure trip	1
ind	tamasya	=	02684924-v	BAD	noun tagged to unrelated verb continue	1
ind	tambahan	=	13325505-n	BAD	generic addition too broad for surcharge	1
ind	tampil	=	01721169-v	GOOD	tampil matches appear/perform on stage	1
ind	tampil	~	00423971-v	GOOD	tampil already listed synonym for emerge	1
ind	tan	=	01640550-v	BAD	person name mistagged as design verb	1
ind	tan	=	07969695-n	BAD	clan name instance not generic clan word	1
ind	tang	=	08158920-n	GOOD	Tang matches Tang dynasty, already a lemma	1
ind	tangan	=	00673456-a	BAD	tangan (hand) alone not handmade adjective	1
ind	tangan	=	00935005-n	BAD	tangan alone not arts and crafts	2
ind	tanglin	=	01386234-a	BAD	place name mistagged as extensive	1
ind	tanpa	=	00927832-a	BAD	function word tanpa mapped to content adj	1
ind	tanpa	~	02268485-a	GOOD	tanpa related to negation quantifier no	1
ind	tao	=	09848285-n	GOOD	Tao matches Taoist adherent sense	1
ind	tara	=	04746842-n	GOOD	tara means match/equal, fits comparison	2
ind	tarik	=	04688246-n	BAD	tarik (pull) alone not attraction, needs MWE	1
ind	tarik	=	10677271-n	BAD	tarik mistagged as supplier	1
ind	tata	=	03714235-n	BAD	tata alone not makeup, needs tata rias	2
ind	tataki	=	02626762-n	BAD	tataki is preparation method not tuna	1
ind	tea	=	05850823-n	BAD	salon name mistagged as attraction	1
ind	teater	=	02427103-v	BAD	noun teater tagged to verb establish	1
ind	teh	=	10677271-n	BAD	teh (tea) mistagged as supplier	1
ind	tekka	=	02427103-v	BAD	place name mistagged as establish verb	1
ind	telusuri	=	02326355-v	GOOD	matches browse/shop around	1
ind	tempat	=	08567877-n	BAD	generic tempat too broad for destination	1
ind	tempat gelap	=	00273082-a	BAD	noun phrase tagged to adjective dark	1
ind	tempat gelap	=	06401107-n	BAD	physical place not textual passage sense	1
ind	tempat ini	=	06401107-n	BAD	physical place not textual passage sense	1
ind	tempat ini	=	08620061-n	GOOD	this place matches precise location	1
ind	tempat ini	=	77000075-a	BAD	phrase includes extra word beyond determiner	1
ind	tempat ini	=	77000075-n	BAD	phrase includes extra word beyond pronoun	1
ind	temple	=	01028748-v	BAD	noun temple tagged to verb name	1
ind	temple	=	02204472-a	BAD	temple name mistagged as nineteenth	1
ind	tengah	=	00667822-a	GOOD	tengah as progressive marker matches ongoing	1
ind	tengah	~	01014953-a	GOOD	tengah spatial middle plausibly related	2
ind	tennis	=	00743344-v	BAD	association name mistagged as contact	1
ind	teow	=	13768850-n	BAD	dish name fragment mistagged as plate	2
ind	terbuat	=	01653873-v	GOOD	matches make/shape sense	1
ind	terbuka	=	01692512-a	GOOD	terbuka matches open-air sense	3
ind	terdigitalisasi	~	00563824-v	GOOD	derived form genuinely means digitized	1
ind	terlebih	=	00102736-r	BAD	terlebih alone needs dahulu for first sense	2
ind	ternak	=	02402425-n	BAD	ternak is generic livestock not cattle	1
ind	tertambat	=	00159106-a	BAD	tertambat means tethered not glued	1
ind	tertandingi	=	02672187-v	GOOD	matches be equal to/rival sense	1
ind	tertaut	=	00567161-a	GOOD	matches linked/connected sense	1
ind	tetapi	=	00027384-r	GOOD	tetapi matches but/however sense	1
ind	thai	=	01028748-v	BAD	month name mistagged as verb call	2
ind	thai	=	03122750-a	BAD	month name mistagged as Tamil adjective	2
ind	the	=	01733477-v	BAD	English article mistagged as hold verb	2
ind	theaters	=	01733477-v	BAD	venue name fragment mistagged as hold	1
ind	theatre	=	01721169-v	BAD	venue name mistagged as appear/perform	1
ind	theatre	=	09044862-n	BAD	wrong token, should tag AS not theatre	1
ind	tidak	=	00020759-r	BAD	generic negator too narrow for never	1
ind	tidak lama	=	00024073-r	BAD	phrase means soon not generic negation	1
ind	tidak lama	=	00166025-r	BAD	antonym confusion, not long vs long	1
ind	tidak punya	=	00024587-r	BAD	verb phrase wrongly tagged as adverb no	1
ind	tidak punya	=	02204692-v	BAD	negated phrase tagged as possess	1
ind	tidak terbatas	=	00494409-a	BAD	legal phrase mistagged as respective	1
ind	tidak terbatas	=	10378780-n	BAD	unlimited mistagged as operator	1
ind	tiger	=	01090335-v	BAD	beer brand mistagged as fight	1
ind	tiger	=	01646021-a	BAD	beer brand mistagged as middle-aged	1
ind	tiger	=	02756346-a	BAD	brand name mistagged as local	1
ind	tim	=	00327145-v	GOOD	tim (steamed) matches steam cooking sense	1
ind	tim	=	00618944-a	GOOD	tim also used adjectivally as steamed	1
ind	tim	=	07775375-n	BAD	tim (steamed) mistagged as fish noun	1
ind	timah	=	08587174-n	BAD	place name instance not generic reserve word	1
ind	time	=	07887634-n	BAD	pub name fragment mistagged as lager	1
ind	toa	=	00343249-n	BAD	stadium name mistagged as spin	1
ind	toa	=	01401772-v	BAD	stadium name mistagged as smash	1
ind	tong	=	01666131-v	BAD	person name mistagged as concoct	1
ind	tong	=	01843689-v	BAD	shop name mistagged as visit	1
ind	top	=	06088995-n	BAD	wordplay fragment mistagged as organic chemistry	1
ind	top	=	06303888-n	BAD	top fragment mistagged as term	1
ind	top	=	07955057-n	BAD	top up fragment mistagged as content	1
ind	top	=	08663774-n	BAD	generic top too broad for rooftop	1
ind	toro	=	02626762-n	BAD	toro is fatty tuna cut, not tuna fish itself	1
ind	toserba	=	03099274-n	BAD	toserba is general store not convenience store	1
ind	tourism	=	01099951-a	BAD	board name fragment mistagged as specific	1
ind	tourism	=	06532330-n	BAD	board name fragment mistagged as law	1
ind	townlink	=	04211970-n	GOOD	Townlink is instance of shuttle service	1
ind	transfer	=	06519480-n	BAD	airport transfer service not transfer ticket	3
ind	transit	=	00404110-a	BAD	company name fragment mistagged as vibrant	1
ind	transitlink	=	03116530-n	BAD	company name mistagged as counter	2
ind	transitlink	=	03699975-n	BAD	company name mistagged as machine	1
ind	transitlink	=	06303888-n	BAD	company name mistagged as term	1
ind	transitlink	=	06518719-n	BAD	company name mistagged as ticket	1
ind	transitlink	=	07955057-n	BAD	company name mistagged as content	1
ind	treasure	=	03356158-n	BAD	chain name fragment mistagged as flagship	1
ind	tunai	=	13376643-n	BAD	tunai (cash) too broad for cash card	1
ind	tunggu	=	00929815-a	BAD	base verb wait wrongly tagged as awaited adj	1
ind	turun	~	01849221-v	GOOD	colloquial turun matches come/move toward	1
ind	ubin	=	01843689-v	BAD	island name mistagged as visit verb	1
ind	udara	=	01692512-a	BAD	udara (air) noun not open-air adjective	3
ind	ujung	=	05567117-n	BAD	generic ujung too broad for fingertip	1
ind	ujung	=	15266911-n	GOOD	ujungnya idiomatically means in the end	1
ind	ulang tahun	=	00866702-v	BAD	wrong tagging per annotator's own note	1
ind	ulang tahun	=	01654628-v	BAD	wrong tagging per annotator's own note	1
ind	ulang tahun	=	01734502-v	BAD	wrong tagging per annotator's own note	1
ind	ulang tahun	=	02204472-a	BAD	wrong tagging per annotator's own note	1
ind	uncle	<	06339416-n	GOOD	uncle is lexicalised address title	1
ind	undang	=	08441203-n	GOOD	undang(-undang) token matches law sense	2
ind	uniform	=	06358747-n	BAD	bare uniform not URL, needs full phrase	1
ind	up”	=	06303888-n	BAD	fragment of top up mistagged as term	1
ind	up”	=	07955057-n	BAD	fragment of top up mistagged as content	1
ind	usb	=	02826877-a	BAD	USB noun mistagged as electric adjective	1
ind	usb	=	03968293-n	GOOD	USB port matches plug/connector sense	1
ind	utama	=	02154312-v	BAD	person name fragment mistagged as spot	1
ind	utama	=	07579575-n	BAD	adjective utama wrongly tagged as noun entree	2
ind	utama	=	10472799-n	BAD	name fragment mistagged as prince noun	1
ind	utara	=	08964288-n	BAD	generic utara too broad for North Borneo	1
ind	video/cd-rom	=	13245338-n	BAD	physical medium not intellectual property	1
ind	video/cd-rom	=	13791389-n	BAD	wrong word mapped to connection sense	1
ind	view	=	02257370-v	BAD	shop name fragment mistagged as exchange	1
ind	vie™	=	00607780-v	BAD	show name fragment mistagged as remember	1
ind	vie™	=	01779428-a	BAD	show name fragment mistagged as personal	1
ind	village	=	02964782-a	BAD	stall name fragment mistagged as Chinese	1
ind	village	=	03032252-n	BAD	cinema brand fragment not generic cinema word	1
ind	village	=	06613686-n	BAD	cinema brand fragment mistagged as movie	1
ind	village	=	08226699-n	GOOD	village directly matches settlement sense	2
ind	vinayagar	=	01410363-a	BAD	deity name mistagged as different	1
ind	vinayagar	=	02204472-a	BAD	deity name mistagged as nineteenth	1
ind	visa	~	13376012-n	GOOD	Visa is a well-known credit card brand	1
ind	visioner	=	10756433-n	GOOD	visioner matches visionary sense	1
ind	volvo	=	00228294-a	BAD	brand name mistagged as world-class	1
ind	voyage	=	00607780-v	BAD	show name fragment mistagged as remember	1
ind	voyage	=	01779428-a	BAD	show name fragment mistagged as personal	1
ind	vuttishara	=	01028748-v	BAD	person name mistagged as verb name	1
ind	vuttishara	=	03117012-a	BAD	person name mistagged as Thai adjective	1
ind	vuttishara	=	10112129-n	BAD	person name mistagged as monk noun	1
ind	waisak	=	07274425-n	BAD	festival name mistagged as bowing	1
ind	wang	=	00887463-v	BAD	deity name fragment mistagged as dedicate	1
ind	wang	=	02427103-v	BAD	deity name fragment mistagged as establish	1
ind	wang	=	07969695-n	BAD	deity name fragment mistagged as clan	1
ind	warga	=	09625401-n	BAD	warga alone needs warga negara for national	1
ind	warna	=	05193338-n	GOOD	warna matches color/vividness idiom	1
ind	warna keemasan	=	00369941-a	GOOD	matches golden color sense exactly	1
ind	warna keemasan	=	00394135-a	BAD	too generic, duplicates precise golden sense	1
ind	warni	=	00402419-a	GOOD	warni part of reduplicated colorful term	1
ind	wealth	=	08523483-n	BAD	fountain name fragment mistagged as center	1
ind	web	=	06358900-n	BAD	bare web too broad for web page	1
ind	webnya	=	04604276-n	GOOD	webnya matches World Wide Web sense	2
ind	welas	=	07553741-n	GOOD	welas alone means compassion	1
ind	welas	=	07554500-n	GOOD	welas alone plausibly means mercy	1
ind	welas asih	=	07554500-n	GOOD	welas asih directly means mercy/compassion	1
ind	western	=	00825089-a	GOOD	Western genre term matches western adjective	1
ind	western	=	01158872-v	BAD	Western mistagged as use verb	1
ind	western	=	05718556-n	BAD	Western mistagged as music noun	1
ind	western	=	08644722-n	BAD	Country mistagged as rural area sense	1
ind	wild	=	01195299-v	BAD	restaurant name fragment mistagged as try	1
ind	wine	=	07892512-n	BAD	generic wine too narrow for red wine specifically	1
ind	wisata	=	00310666-n	GOOD	wisata matches tour/circuit sense	1
ind	with	=	02964782-a	BAD	English preposition mistagged as Chinese	1
ind	women	=	00228294-a	BAD	event name fragment mistagged as world-class	1
ind	world	=	05985602-n	BAD	event name fragment mistagged as folklore	1
ind	world	=	09350045-n	BAD	event name fragment mistagged as Mediterranean	1
ind	www.tigerairways.com	=	02690081-n	BAD	URL is not itself the airline	1
ind	xtreme	=	00195024-r	BAD	marathon name fragment mistagged as regularly	1
ind	xtreme	=	00228294-a	BAD	park name fragment mistagged as world-class	1
ind	xtreme	=	01534858-a	GOOD	Xtreme is stylised spelling of extreme	1
ind	yang	=	77000079-a	GOOD	relativizer yang fits demonstrative function word	1
ind	yang banyak	=	07554500-n	BAD	phrase mistagged, unrelated to mercy	1
ind	yang biasa	=	00053691-a	BAD	wrong tagging per annotator's own note	1
ind	yang biasa	=	00195024-r	BAD	phrase not equivalent to regularly adverb	1
ind	yang biasa	=	01768724-a	BAD	wrong tagging, negator dropped, unrelated sense	1
ind	yang dahulu	=	01727926-a	GOOD	yang dahulu matches past/formerly sense	1
ind	yang menakjubkan	=	00220739-a	GOOD	matches stunning sense	3
ind	yang menakjubkan	=	01675190-a	GOOD	matches extraordinary sense	2
ind	yang mengerikan	=	00194924-a	GOOD	matches terrifying/chilling sense	1
ind	yang penting	=	02161432-a	GOOD	matches important/significant sense	1
ind	yang pertama	=	01010862-a	GOOD	matches first/preceding sense	1
ind	yang terkemuka	=	01375831-a	GOOD	matches renowned/celebrated sense	1
ind	yang utama	=	01536094-a	BAD	mismatched, not contemporary sense	1
ind	yang utama	=	02968325-a	BAD	mismatched, not European sense	1
ind	youth	=	00343249-n	BAD	event name fragment mistagged as spin	1
ind	youth	=	01401772-v	BAD	event name fragment mistagged as smash	1
ind	zapin	=	07020538-n	BAD	specific dance too narrow for generic dance	1
ind	ze	=	00887463-v	BAD	deity name fragment mistagged as dedicate	1
ind	ze	=	02427103-v	BAD	deity name fragment mistagged as establish	1
ind	ze	=	07969695-n	BAD	deity name fragment mistagged as clan	1
ind	zun	=	00887463-v	BAD	deity name fragment mistagged as dedicate	1
ind	zun	=	02427103-v	BAD	deity name fragment mistagged as establish	1
ind	zun	=	07969695-n	BAD	deity name fragment mistagged as clan	1
ind	‘kerah	=	00260100-a	BAD	kerah alone too broad for blue-collar	1
ind	‘kerah	=	02555954-a	BAD	kerah alone too broad for white-collar	1
ita	Capii	=	00591115-v	GOOD	matches understand/realize verb sense	1
ita	Capisco	=	00591115-v	GOOD	I understand fits perceive/understand sense	1
ita	Capisco	=	00594058-v	BAD	wrong sense, means understand not sympathize	1
ita	Coroner	=	09965985-n	GOOD	direct loanword match	2
ita	Documenti	=	06470073-n	GOOD	matches document/paper sense	1
ita	Guardate	=	02150510-v	GOOD	look there matches watch/look attentively	1
ita	In	=	00102736-r	BAD	standalone word, phrase in primo luogo needed	1
ita	Potreste	=	05616246-n	BAD	verb form tagged to noun synset	1
ita	Sapete	=	00594621-v	GOOD	you know matches be aware of fact	1
ita	Vostra	=	77000024-a	GOOD	matches possessive determiner your	1
ita	Watson	=	80000413-n	GOOD	direct name match	1
ita	a	=	00409709-r	BAD	standalone preposition, phrase a fianco needed	1
ita	abitante	=	10753442-n	BAD	generic inhabitant, not narrow villager sense	1
ita	abituare	=	00413239-n	BAD	verb infinitive tagged to noun custom synset	1
ita	accampare	=	02653996-v	GOOD	matches camp/encamp sense	1
ita	adagiare	=	01985029-v	GOOD	matches lie down/reclining sense	1
ita	ahimè	=	00042769-r	GOOD	exact match alas	1
ita	alcuno	=	01552634-a	GOOD	matches some quantifier sense	2
ita	alcuno	=	02267308-a	UNSURE	near-duplicate quantifier synset, ambiguous	1
ita	altro	=	00029367-r	BAD	standalone word, phrase tra l'altro needed	1
ita	alzare	=	00018158-v	BAD	annotator flags should be reflexive alzarsi	1
ita	andandosene	=	00297062-n	BAD	verb gerund tagged to noun, wrong sense	1
ita	annunciatore	=	00974173-v	BAD	noun announcer tagged to verb synset	1
ita	appena	=	00033922-r	BAD	means just/as soon as, not soon future	1
ita	aspetto	=	05820170-n	GOOD	matches respect, regard sense	1
ita	assoluto	=	00007488-r	BAD	adjective form tagged to adverb synset	2
ita	avvicinare	=	02053941-v	BAD	non-reflexive form, should be avvicinarsi	1
ita	benissimo	=	00053004-r	GOOD	matches agreement expression very well	1
ita	bilioso	=	02264521-a	BAD	means bilious/irritable, not sunken	1
ita	bollente	=	01247240-a	GOOD	matches physical heat boiling	1
ita	bollente	=	02397732-a	BAD	wrong sense, refers to heat not spiciness	1
ita	brunastro	=	00372111-a	GOOD	matches brownish color sense	1
ita	cambio	=	00405868-r	BAD	standalone noun, phrase in cambio needed	1
ita	camminare	=	01912893-v	GOOD	matches walk sense	1
ita	caso	=	06784966-n	GOOD	matches detective case sense	3
ita	certo	=	00035718-r	BAD	part of idiom in certo qual modo	1
ita	che	=	77000079-a	BAD	complementizer that, not demonstrative determiner	2
ita	che	=	77000079-n	BAD	interrogative what, not demonstrative that	2
ita	circolare	=	00969873-v	GOOD	matches circulate sense	1
ita	colpo	=	00061528-r	BAD	noun, phrase di colpo needed for adverb	1
ita	comodo	=	00064479-a	GOOD	matches convenient/advantageous sense	1
ita	completo	=	00157624-r	BAD	annotator flags should be completamente	1
ita	corrucciare	=	00364881-a	BAD	means frowning/angry, not gloomy/melancholic	1
ita	cosa	=	77000091-n	GOOD	matches interrogative what	2
ita	cuore	=	15123362-n	GOOD	idiom cuore della notte = dead of night	1
ita	cupo	=	00703615-a	GOOD	matches gloomy/melancholy sense	1
ita	di	=	00061528-r	BAD	standalone preposition, phrase di colpo needed	1
ita	dodici	=	80000631-n	BAD	means twelve, not the noon concept itself	1
ita	dolci	=	01459949-a	BAD	generic sweet, not specifically angelic sense	1
ita	dove	=	00495309-r	BAD	means where not whence (donde)	1
ita	dove	=	77000084-n	GOOD	matches interrogative where	3
ita	dovere	=	09363970-n	BAD	verb usage tagged to noun a must synset	1
ita	dovere	=	80000606-v	GOOD	matches have to modal sense	1
ita	dovete	=	00901547-a	BAD	verb form tagged to adjective synset	1
ita	dovete	=	01189113-v	GOOD	matches need to sense	2
ita	entrambe	=	02268133-a	GOOD	matches both sense	1
ita	entrambi	=	02268133-a	GOOD	matches both sense	1
ita	ergere	=	01974062-v	GOOD	matches raise/rise up sense	1
ita	esclusivo	=	00008007-r	BAD	adjective form, actual word is esclusivamente	1
ita	fare	=	02427103-v	BAD	generic do/make, not specific found/establish	1
ita	farete	=	01646075-v	BAD	means plain will do, not causative make	1
ita	fatale	=	00004722-r	BAD	means fatal adjective, not merely adverb	1
ita	fermare	=	02641035-v	GOOD	matches pause, stop sense	1
ita	ferroviario	=	04048568-n	BAD	adjective railway, tagged to noun synset	1
ita	fianco	=	00409709-r	BAD	standalone noun, phrase a fianco needed	1
ita	fischio	=	02183626-v	BAD	noun form given, actual verb is fischiare	1
ita	fronte	=	00066781-r	BAD	standalone noun, phrase di fronte needed	1
ita	fuoco	=	03343560-n	GOOD	matches fireplace/fire sense	1
ita	galantuomo	=	10127273-n	GOOD	matches gentleman sense	1
ita	gettare	=	01632897-v	GOOD	matches cast/project, gettare luce	1
ita	getto	=	01508368-v	BAD	wrong form, should be verb gettò	1
ita	giorno	=	00528836-v	BAD	standalone noun, phrase fare giorno needed	1
ita	giù	=	00076512-r	BAD	down alone, not back and forth idiom	1
ita	gravare	=	02424652-v	GOOD	matches burden/oppress sense	1
ita	immenso	=	01387319-a	GOOD	matches immense/huge sense	1
ita	immergere	=	00163948-a	GOOD	matches absorbed in thought sense	1
ita	in	=	00035718-r	BAD	part of idiom in certo qual modo	1
ita	in	=	01295143-a	BAD	preposition into, not adjective inward	1
ita	in	=	02143283-v	BAD	standalone word, phrase mettere in luce needed	1
ita	in vano	=	09379111-n	BAD	in vano means in vain, wrong idiom	1
ita	incombere	=	02696503-v	GOOD	matches loom over sense	1
ita	incontro	=	02730326-v	BAD	standalone noun, phrase andare incontro needed	1
ita	incontrollabile	=	00635752-a	GOOD	matches uncontrollable sense	1
ita	indubbio	=	00079107-r	BAD	adjective form, actual word is indubbiamente	1
ita	infossare	=	02264521-a	GOOD	matches sunken (eyes) sense	1
ita	inizio	=	00103194-r	BAD	noun alone, needs all'inizio for adverb sense	1
ita	inquieti	=	02456157-a	GOOD	matches anxious, uneasy sense	1
ita	interrompere	=	01207817-v	GOOD	matches intrude/break in sense	1
ita	intimo	=	00453308-a	GOOD	matches intimate sense	1
ita	io	=	77000015-n	GOOD	matches I pronoun	1
ita	lamentoso	=	00513981-a	GOOD	matches complaining/whiny sense	1
ita	largo	=	01382086-a	GOOD	matches large/broad sense	1
ita	lasciare	=	02015598-v	GOOD	matches leave/depart sense	1
ita	lavorio	=	00266806-n	BAD	wrong lemma, actual word is lavori	1
ita	lavorio	=	04599396-n	BAD	wrong lemma, actual word is lavori	1
ita	leggero	=	00693570-a	GOOD	matches light sleep sense	1
ita	lo	=	77000053-n	GOOD	matches it pronoun	1
ita	luce	=	02143283-v	BAD	standalone noun, phrase mettere in luce needed	1
ita	lui	=	77000046-n	GOOD	matches him pronoun	1
ita	lungo	=	00409709-r	BAD	means along preposition, not near	1
ita	luogo	=	00102736-r	BAD	standalone noun, phrase in primo luogo needed	1
ita	là	=	00109151-r	GOOD	matches there locative adverb	1
ita	là	=	08489627-n	BAD	used adverbially, not as location noun	1
ita	macchiare	=	01789481-a	BAD	verb infinitive tagged to adjective synset	1
ita	maculato	=	01788445-a	GOOD	matches dotted/speckled sense	1
ita	maculato	=	01789481-a	GOOD	matches spotted/patched sense	1
ita	mal	=	05144079-n	BAD	adverbial badly, not noun badness	1
ita	mano	=	80000803-n	GOOD	matches in your hands idiom	1
ita	me	=	77000015-n	GOOD	matches me pronoun (clitic mi)	1
ita	mettere	=	02143283-v	BAD	standalone verb, phrase mettere in luce needed	1
ita	mi	=	00018526-v	BAD	pronoun clitic, not verb wake up	1
ita	mi	=	77000015-n	GOOD	matches me pronoun	4
ita	miglior	=	00227507-a	GOOD	matches best sense	1
ita	mio	=	77000107-a	GOOD	matches possessive determiner my	6
ita	mio	=	77000107-n	BAD	determiner usage, not standalone pronoun mine	2
ita	miserabile	=	02347086-a	GOOD	matches miserable/wretched sense	1
ita	miserevole	=	01050890-a	GOOD	matches pitiable sense	1
ita	modo	=	00035718-r	BAD	part of idiom in certo qual modo	1
ita	morente	=	00003939-a	GOOD	matches dying sense	1
ita	ne	=	00607780-v	BAD	clitic particle, not verb remember	1
ita	nessun	=	02267686-a	BAD	means no/none, not affirmative any	1
ita	nessuno	=	77000137-n	GOOD	matches nobody pronoun	1
ita	niente	=	77000093-n	GOOD	NPI niente=anything under negation	1
ita	no	=	00024356-r	GOOD	matches no expression	2
ita	noi	=	77000002-n	GOOD	matches we pronoun	2
ita	nota	=	01375174-a	GOOD	matches known sense	1
ita	nota	=	01984411-a	GOOD	matches notorious sense in context	1
ita	occupare	=	02685390-v	GOOD	matches occupy/fill space sense	1
ita	ognuna	=	02269635-a	GOOD	matches each sense	1
ita	oscuro	=	01131935-a	GOOD	matches dark, sinister sense	2
ita	ottenne	=	02648502-v	BAD	means obtained/got, not hold true/prevail	1
ita	patema	=	02604913-a	BAD	annotator flags spelling error, wrong word	1
ita	pensata	=	00629738-v	UNSURE	duplicate submission, ambiguous think sense	1
ita	pensata	=	00631737-v	GOOD	matches believe/suppose, asking opinion	1
ita	pensata	=	00730758-v	BAD	make/derive in mind doesn't fit context	1
ita	permettere	=	00748972-v	BAD	allow to do, not allow to have/take	1
ita	portello	=	03221720-n	GOOD	matches door/hatch sense	1
ita	possibilità	=	01181559-v	BAD	noun tagged to verb to power synset	1
ita	potere	=	00802318-v	GOOD	matches let/allow sense	1
ita	poveretto	=	01050890-a	GOOD	matches pitiable, poor thing sense	1
ita	poveretto	=	09908025-n	GOOD	matches fellow component sense	1
ita	prego	=	00759269-v	GOOD	matches beg, implore sense	1
ita	prego	=	01069809-v	GOOD	matches request sense	1
ita	prendere	=	00599992-v	UNSURE	truncated context, generic verb overreach	1
ita	presa	=	01350283-v	BAD	noun form, actual verb is prese	1
ita	primo	=	00102736-r	BAD	part of idiom in primo luogo	1
ita	promettere	=	00917772-v	GOOD	matches promise/foretell metaphor	1
ita	proposito	=	05820170-n	GOOD	matches regard, respect sense	2
ita	prossimo	=	01732601-a	GOOD	matches upcoming sense	1
ita	pò	=	00033663-r	GOOD	matches a bit, sette e un po'	1
ita	pò	=	01554063-a	BAD	temporal duration, not quantity adjective	1
ita	pò	=	15246853-n	GOOD	matches a short while noun sense	1
ita	qual	=	00035718-r	BAD	part of idiom in certo qual modo	1
ita	qualcosa	=	77000092-n	GOOD	matches something sense	1
ita	qualcuno	=	00007846-n	GOOD	matches someone/person sense	1
ita	qualcuno	=	77000097-n	GOOD	matches anyone existential sense	1
ita	qualunque	=	02267686-a	GOOD	matches any/whatever sense	2
ita	quando	=	80000823-r	GOOD	matches when sense	4
ita	quanto	=	00059086-r	GOOD	matches much degree sense	1
ita	quello	=	77000079-a	GOOD	matches demonstrative that	2
ita	questo	=	77000058-n	GOOD	matches these plural pronoun	1
ita	questo	=	77000061-a	GOOD	matches demonstrative this	5
ita	questo	=	77000061-n	GOOD	matches this pronoun	1
ita	racimolare	=	01380638-v	GOOD	matches gather/scrape together sense	1
ita	rapido	=	00086000-r	BAD	adjective form, actual word is rapidamente	1
ita	rassicurare	=	00008007-r	BAD	unrelated sense/POS, mismatched synset	1
ita	rassicurare	=	00196934-a	BAD	verb infinitive tagged to adjective synset	1
ita	rauca	=	00299690-a	GOOD	matches hoarse sense	1
ita	richiudere	=	01348174-v	GOOD	matches lock/close again sense	1
ita	ricordo	=	00607780-v	GOOD	matches remember sense	1
ita	risposare	=	00636279-v	BAD	wrong lemma, means remarry not answer	1
ita	risposare	=	07200527-n	BAD	wrong lemma, means remarry not answer	1
ita	ritirare	=	01835496-v	GOOD	matches withdraw/change location sense	1
ita	rivedere	=	02023107-v	GOOD	matches see again/meet sense	1
ita	rivolgere	=	01766748-v	BAD	means turn to, not worry/care about	1
ita	saletta	=	03679712-n	GOOD	matches sitting room sense	1
ita	sapessimo	=	00594621-v	GOOD	matches know a fact sense	1
ita	sapessimo	=	00596644-v	BAD	factual knowledge, not experiential sense	1
ita	sapevate	=	00595935-v	BAD	factual awareness, not know-how skill	1
ita	scivolata	=	01888295-v	GOOD	matches slip away stealthily sense	1
ita	scuotere	=	02083806-v	GOOD	matches rouse/shake into action sense	1
ita	scurire	=	14290534-n	BAD	verb/adjective usage tagged to noun synset	1
ita	segnare	=	80000620-a	BAD	gradual wrinkles, not sudden sear sense	1
ita	serie	=	00651039-a	GOOD	matches serious/grave sense	1
ita	serranda	=	04211356-n	GOOD	matches shutter sense	1
ita	settantina	=	02193141-a	GOOD	matches seventy approximate number	1
ita	si	=	00018158-v	BAD	clitic particle, not verb get up	1
ita	si	=	02409412-v	BAD	clitic particle, not verb hire/employ	1
ita	si	=	02794670-a	BAD	reflexive particle, not adjective self	1
ita	signore	=	10243137-n	BAD	masculine sir tagged to woman-address synset	1
ita	signore	=	10787470-n	BAD	annotator flags should be signora	2
ita	signorina	=	06341249-n	GOOD	matches Miss address term	3
ita	signorina	=	09989290-n	BAD	address-term use, not descriptive refined woman	2
ita	sommesso	=	01455888-a	GOOD	matches low volume/hushed sense	1
ita	sommesso	=	02286507-a	BAD	overly specific whispered sense	1
ita	sposato	=	02488834-v	GOOD	matches get married sense	1
ita	stabilire	=	01570108-v	GOOD	matches establish/settle sense	1
ita	stagliare	=	01586850-v	BAD	means stand out/silhouette, not frame	1
ita	stamane	=	15156001-n	BAD	annotator says new synset needed, imprecise	1
ita	stessa	=	02062670-a	GOOD	matches same sense	1
ita	stessa	=	77000056-n	GOOD	matches itself reflexive sense	1
ita	stipulare	=	01019472-v	GOOD	matches stipulate sense	1
ita	suo	=	77000041-n	BAD	possessive determiner, not personal pronoun her	1
ita	suo	=	77000050-a	GOOD	matches possessive determiner his	5
ita	suo	=	77000050-n	BAD	determiner usage, not standalone pronoun his	2
ita	suo	=	77000061-a	BAD	possessive his, not demonstrative this	1
ita	svegliare	=	00018526-v	BAD	annotator flags should be reflexive svegliarsi	1
ita	sì	=	80001230-x	GOOD	matches yes sense	4
ita	tendere	=	04411264-n	BAD	verb form, actual noun needed is tenda	1
ita	ti	=	77000021-n	GOOD	matches you pronoun	1
ita	tu	=	77000015-n	BAD	means you, not I/me first person	1
ita	tu	=	80000608-n	GOOD	matches generic you sense	2
ita	tutto	=	02269794-a	GOOD	matches every/all sense	1
ita	uno	=	00033663-r	BAD	standalone article, phrase un po' needed	1
ita	uno	=	00035718-r	BAD	part of idiom in certo qual modo	1
ita	uno	=	01862697-a	BAD	pronoun someone, not adjective alone/only	1
ita	uno	=	05870055-n	GOOD	matches one (person) sense	2
ita	uscio	=	02015598-v	BAD	noun doorway, not verb went out	1
ita	uscita	=	02015598-v	BAD	noun exit form, actual verb is uscite	1
ita	vano	=	09379111-n	GOOD	matches opening/gap sense	1
ita	vedere	=	02118933-v	GOOD	matches observe, note sense	1
ita	vedere	=	02131279-v	GOOD	matches examine carefully sense	1
ita	venire	=	02005948-v	GOOD	matches come/arrive sense	1
ita	vero	=	00510749-r	BAD	means true adjective, not very adverb	1
ita	vestire	=	00454440-a	BAD	verb infinitive tagged to adjective synset	1
ita	viaggio	=	00308370-n	GOOD	matches trip/journey sense	1
ita	voi	=	77000021-n	GOOD	polite singular you in period translation	3
ita	volevamo	=	00709205-v	BAD	wanting action, not wanting presence sense	1
ita	volgere	=	01909812-v	GOOD	matches turn (mind) towards sense	1
ita	vostro	=	77000024-a	GOOD	matches possessive determiner your	4
ita	vostro	=	77000024-n	BAD	determiner usage, not standalone pronoun yours	2
jpn	etchmail	<	06568978-n	BAD	"Typo of ""fetchmail"", not a distinct entity"	1
jpn	fetchmail	<	06568978-n	GOOD	"Real program name, hyponym of ""program"""	7
jpn	うようよ	<	02730682-v	GOOD	Onomatopoeia for swarming crawl, lexicalised	1
jpn	から	=	00043794-r	GOOD	"Matches ""from"" source sense"	4
jpn	しん	~	04982207-n	GOOD	Onomatopoeia for silence, related sense fits	1
jpn	できる_ない	=	00002098-a	GOOD	"Direct match to ""unable"""	1
jpn	どうか	=	77000092-n	BAD	"Idiomatic adverb, not synonym of ""something"""	1
jpn	どうか	~	77000092-n	GOOD	"Loosely related to ""something"" via idiom"	1
jpn	ない	=	02612368-v	BAD	Negation of existence, opposite polarity	1
jpn	ぬけ出す	=	02075049-v	GOOD	"Matches ""flee/escape"""	2
jpn	ぶる	=	02717472-v	BAD	"Tokenisation error, unrelated to ""hang loosely"""	1
jpn	ぷつりと	=	02173838-v	BAD	"Snapping sound, not vocal ""twang"""	1
jpn	ぷつりと	=	02182851-v	GOOD	Matches thread-snapping sound	1
jpn	まま	=	00024720-n	GOOD	"Matches ""state/condition as is"""	1
jpn	まま	~	00024720-n	GOOD	"Matches ""state/condition as is"""	1
jpn	カーネル	<	08242223-n	GOOD	"Computer kernel as hyponym of ""core"""	1
jpn	カーネル	~	08435388-n	GOOD	"Kernel plausibly related to ""system"""	1
jpn	クローズド_ソース	=	03093695-a	BAD	Antonym of open-source, wrong polarity	2
jpn	コア	<	02995345-n	GOOD	CPU core as hyponym of processor	1
jpn	サリー 州	=	08884961-n	GOOD	Direct proper noun match, Surrey	1
jpn	デベロッパ	=	09614315-n	BAD	"Too generic ""creator"", not IT developer"	1
jpn	一月	=	15206296-n	UNSURE	"Ambiguous with ""January""; annotator flags form"	1
jpn	万一	=	00300247-r	GOOD	"Matches ""possibly/by chance"""	1
jpn	万一	~	00300247-r	GOOD	"Matches ""possibly/by chance"""	1
jpn	三途	=	13744044-n	BAD	"Mythological river name, not number ""three"""	2
jpn	共同_開発_者	=	09815790-n	GOOD	Co-developer fits helper/assistant sense	1
jpn	手 に 入る	=	02238085-v	GOOD	"Matches ""obtain/come into possession"""	1
jpn	折角	<	00621627-n	GOOD	"Lexicalised adverb tied to ""effort"""	1
jpn	摂政 時代	=	15295603-n	GOOD	Direct historical term match	1
jpn	目 に 入る	<	02117955-v	GOOD	Lexicalised idiom, visual-perception hyponym	1
jpn	見る	=	00877127-n	BAD	"From idiom ""見る見る"", not literal ""see"" noun"	1
jpn	逆落し	<	01967373-v	GOOD	"Matches ""drop steeply"""	1
jpn	開発_者	<	10010062-n	BAD	Real-estate developer sense, annotator flags mismatch	1
jpn	開発_者	=	10481268-n	GOOD	Matches software programmer sense	1
